0.5,0.75,0.8970588235294118,68,0.673975944519043
0.5,0.75,0.696969696969697,99,0.5253589153289795
0.5,0.75,0.7474747474747475,99,0.4391062259674072
0.5,0.75,0.8854961832061069,131,0.44118714332580566
0.5,0.75,0.8272727272727273,110,0.4453001022338867
0.5,0.75,0.7029702970297029,101,0.4363398551940918
0.5,0.75,0.7337278106508875,169,0.4413731098175049
0.5,0.75,0.92,25,0.43735384941101074
0.5,0.75,0.7526881720430108,93,0.4355499744415283
0.5,0.75,0.634020618556701,194,0.4460289478302002
0.5,0.75,0.8117647058823529,85,0.4322478771209717
0.5,0.75,0.6865671641791045,67,0.4420650005340576
0.5,0.75,0.7301587301587301,63,0.43187403678894043
0.5,0.75,0.75,196,0.44717884063720703
0.5,0.75,0.89375,160,0.43596792221069336
0.5,0.75,0.7350427350427351,117,0.4318208694458008
0.5,0.75,0.7076923076923077,130,0.4437110424041748
0.5,0.75,0.7153846153846154,130,0.44649600982666016
0.5,0.75,0.835820895522388,134,0.47958993911743164
0.5,0.75,0.6524390243902439,164,0.4442319869995117
0.5,0.75,0.8529411764705882,136,0.43979692459106445
0.5,0.75,1.0,2,0.4316270351409912
0.5,0.75,0.7096774193548387,124,0.45923590660095215
0.5,0.75,0.819047619047619,105,0.48094797134399414
0.5,0.75,0.7151898734177216,158,0.47096920013427734
0.5,0.75,0.7402597402597403,154,0.45160889625549316
0.5,0.75,0.7068965517241379,116,0.46898603439331055
0.5,0.75,0.5060975609756098,164,0.43887996673583984
0.5,0.75,0.6346153846153846,104,0.43310093879699707
0.5,0.75,0.7412587412587412,143,0.44935083389282227
0.5,0.75,0.6850393700787402,127,0.44989991188049316
0.5,0.75,0.9223300970873787,103,0.435452938079834
0.5,0.75,0.6178343949044586,157,0.4475069046020508
0.5,0.75,0.8482142857142857,112,0.4671339988708496
0.5,0.75,0.8852459016393442,122,0.44396209716796875
0.5,0.75,0.7981651376146789,109,0.449052095413208
0.5,0.75,0.8522727272727273,88,0.4351210594177246
0.5,0.75,0.9180327868852459,61,0.42879796028137207
0.5,0.75,0.8145161290322581,124,0.44072699546813965
0.5,0.75,0.71875,160,0.4535038471221924
0.5,0.75,0.6535433070866141,127,0.46276307106018066
0.5,0.75,0.8378378378378378,111,0.46947288513183594
0.5,0.75,0.8045112781954887,133,0.43448305130004883
0.5,0.75,0.8902439024390244,82,0.45543789863586426
0.5,0.75,0.8367346938775511,49,0.43773889541625977
0.5,0.75,0.7216494845360825,97,0.442410945892334
0.5,0.75,0.6759259259259259,108,0.5509138107299805
0.5,0.75,0.8588235294117647,85,0.43669605255126953
0.5,0.75,0.6198347107438017,121,0.4814159870147705
0.5,0.75,0.7569444444444444,144,0.4467048645019531
0.5,0.75,0.6451612903225806,155,0.49626708030700684
0.5,0.75,0.7412587412587412,143,0.4433019161224365
0.5,0.75,0.8461538461538461,104,0.4485790729522705
0.5,0.75,0.82,150,0.45436906814575195
0.5,0.75,0.6622516556291391,151,0.4757230281829834
0.5,0.75,0.6702127659574468,188,0.4514310359954834
0.5,0.75,0.45408163265306123,196,0.5173189640045166
0.5,0.75,0.6990291262135923,103,0.4511721134185791
0.5,0.75,0.6321243523316062,193,0.45139503479003906
0.5,0.75,0.6710526315789473,152,0.46738696098327637
0.5,0.75,0.6686390532544378,169,0.49063682556152344
0.5,0.75,0.6117021276595744,188,0.4472060203552246
0.5,0.75,0.8157894736842105,76,0.47222089767456055
0.5,0.75,0.8226950354609929,141,0.45633387565612793
0.5,0.75,0.768,125,0.451678991317749
0.5,0.75,0.6808510638297872,188,0.45734405517578125
0.5,0.75,0.6880733944954128,109,0.47009706497192383
0.5,0.75,0.8775510204081632,98,0.43613505363464355
0.5,0.75,0.7124183006535948,153,0.4431030750274658
0.5,0.75,0.7227722772277227,101,0.43273401260375977
0.5,0.75,0.6881720430107527,93,0.4449341297149658
0.5,0.75,0.75,100,0.43152689933776855
0.5,0.75,0.796875,128,0.4423551559448242
0.5,0.75,0.425,40,0.4591050148010254
0.5,0.75,0.6645161290322581,155,0.4643259048461914
0.5,0.75,0.7714285714285715,35,0.4596240520477295
0.5,0.75,0.5284974093264249,193,0.5809190273284912
0.5,0.75,0.5338983050847458,236,0.46764087677001953
0.5,0.75,0.6739130434782609,92,0.44990110397338867
0.5,0.75,0.5167785234899329,149,0.45295190811157227
0.5,0.75,0.8571428571428571,14,0.5105600357055664
0.5,0.75,0.7672955974842768,159,0.4419419765472412
0.5,0.75,0.690677966101695,236,0.49624013900756836
0.5,0.75,0.6881720430107527,93,0.43975400924682617
0.5,0.75,0.6272727272727273,110,0.4399731159210205
0.5,0.75,0.6390243902439025,205,0.4504129886627197
0.5,0.75,0.7089552238805971,134,0.4548509120941162
0.5,0.75,0.5990783410138248,217,0.45831799507141113
0.5,0.75,0.8018018018018018,111,0.45798611640930176
0.5,0.75,0.8067226890756303,119,0.44571995735168457
0.5,0.75,0.7708333333333334,48,0.4403989315032959
0.5,0.75,0.8089171974522293,157,0.4787278175354004
0.5,0.75,0.7777777777777778,81,0.47436094284057617
0.5,0.75,0.7628865979381443,97,0.504176139831543
0.5,0.75,0.7536231884057971,138,0.4561290740966797
0.5,0.75,0.7228915662650602,83,0.4404599666595459
0.5,0.75,0.6976744186046512,86,0.4488661289215088
0.5,0.75,0.8257575757575758,132,0.4829061031341553
0.5,0.75,0.6666666666666666,78,0.42831897735595703
0.5,0.75,0.75,24,0.4285709857940674
0.5,0.75,0.8,105,0.4502251148223877
0.5,0.75,0.625,200,0.4528310298919678
0.5,0.75,0.2552083333333333,192,0.4658980369567871
0.5,0.75,0.6493506493506493,154,0.454833984375
0.5,0.75,0.6423357664233577,137,0.44608306884765625
0.5,0.75,0.8,5,0.42980313301086426
0.5,0.75,0.7846153846153846,130,0.45278096199035645
0.5,0.75,0.7272727272727273,99,0.4609100818634033
0.5,0.75,0.7409638554216867,166,0.489757776260376
0.5,0.75,0.3626943005181347,193,0.46712422370910645
0.5,0.75,0.7065217391304348,184,0.46630215644836426
0.55,0.75,0.9191919191919192,99,0.44358086585998535
0.55,0.75,0.6982248520710059,169,0.445188045501709
0.55,0.75,0.8333333333333334,144,0.46442198753356934
0.55,0.75,0.868020304568528,197,0.4464728832244873
0.55,0.75,0.8322147651006712,149,0.4632539749145508
0.55,0.75,0.6756756756756757,148,0.4450700283050537
0.55,0.75,0.7119341563786008,243,0.44875097274780273
0.55,0.75,0.8947368421052632,38,0.4334218502044678
0.55,0.75,0.784,125,0.4352297782897949
0.55,0.75,0.6553030303030303,264,0.44643592834472656
0.55,0.75,0.8225806451612904,124,0.4527158737182617
0.55,0.75,0.7752808988764045,89,0.4353599548339844
0.55,0.75,0.7798165137614679,109,0.44173383712768555
0.55,0.75,0.7311827956989247,279,0.47986292839050293
0.55,0.75,0.9029535864978903,237,0.4432029724121094
0.55,0.75,0.6733333333333333,150,0.44452500343322754
0.55,0.75,0.6853932584269663,178,0.4691498279571533
0.55,0.75,0.6614583333333334,192,0.4552421569824219
0.55,0.75,0.7807486631016043,187,0.4409048557281494
0.55,0.75,0.7287234042553191,188,0.4500699043273926
0.55,0.75,0.8235294117647058,170,0.44481611251831055
0.55,0.75,1.0,4,0.4271559715270996
0.55,0.75,0.6685714285714286,175,0.4530010223388672
0.55,0.75,0.7548387096774194,155,0.4432070255279541
0.55,0.75,0.5515873015873016,252,0.4518470764160156
0.55,0.75,0.7777777777777778,225,0.451617956161499
0.55,0.75,0.689873417721519,158,0.44401001930236816
0.55,0.75,0.49173553719008267,242,0.4638381004333496
0.55,0.75,0.5987261146496815,157,0.44588494300842285
0.55,0.75,0.7653061224489796,196,0.45180583000183105
0.55,0.75,0.6714975845410628,207,0.45018887519836426
0.55,0.75,0.8148148148148148,162,0.44069409370422363
0.55,0.75,0.581151832460733,191,0.496412992477417
0.55,0.75,0.8057142857142857,175,0.4565410614013672
0.55,0.75,0.7988165680473372,169,0.451977014541626
0.55,0.75,0.776536312849162,179,0.4485349655151367
0.55,0.75,0.8013698630136986,146,0.4412190914154053
0.55,0.75,0.84,75,0.5218420028686523
0.55,0.75,0.8197674418604651,172,0.4414219856262207
0.55,0.75,0.6756756756756757,222,0.4503459930419922
0.55,0.75,0.6153846153846154,182,0.4544689655303955
0.55,0.75,0.7682119205298014,151,0.4638500213623047
0.55,0.75,0.7558139534883721,172,0.4500539302825928
0.55,0.75,0.9298245614035088,114,0.45798611640930176
0.55,0.75,0.7397260273972602,73,0.4448399543762207
0.55,0.75,0.6626506024096386,166,0.48906898498535156
0.55,0.75,0.6438356164383562,146,0.44833803176879883
0.55,0.75,0.8333333333333334,144,0.4377739429473877
0.55,0.75,0.6871165644171779,163,0.4794950485229492
0.55,0.75,0.680365296803653,219,0.44822001457214355
0.55,0.75,0.6482412060301508,199,0.5155630111694336
0.55,0.75,0.7733990147783252,203,0.4542207717895508
0.55,0.75,0.8307692307692308,130,0.4440140724182129
0.55,0.75,0.75,240,0.5165619850158691
0.55,0.75,0.6431718061674009,227,0.4704399108886719
0.55,0.75,0.7105263157894737,266,0.4933910369873047
0.55,0.75,0.3684210526315789,285,0.4898719787597656
0.55,0.75,0.6973684210526315,152,0.4548640251159668
0.55,0.75,0.6195652173913043,276,0.45174694061279297
0.55,0.75,0.7121212121212122,198,0.47196006774902344
0.55,0.75,0.6889952153110048,209,0.46616101264953613
0.55,0.75,0.6363636363636364,275,0.5415961742401123
0.55,0.75,0.7578947368421053,95,0.4424140453338623
0.55,0.75,0.8148148148148148,216,0.447127103805542
0.55,0.75,0.7528735632183908,174,0.46965980529785156
0.55,0.75,0.6587301587301587,252,0.448991060256958
0.55,0.75,0.6962025316455697,158,0.4482858180999756
0.55,0.75,0.8875,160,0.45591282844543457
0.55,0.75,0.6297872340425532,235,0.4494318962097168
0.55,0.75,0.7633587786259542,131,0.4329519271850586
0.55,0.75,0.6818181818181818,132,0.44617319107055664
0.55,0.75,0.7394366197183099,142,0.4379308223724365
0.55,0.75,0.71875,192,0.44272303581237793
0.55,0.75,0.4189189189189189,74,0.45276880264282227
0.55,0.75,0.6652719665271967,239,0.4620480537414551
0.55,0.75,0.8421052631578947,57,0.43445897102355957
0.55,0.75,0.45098039215686275,306,0.4571199417114258
0.55,0.75,0.5162241887905604,339,0.44492197036743164
0.55,0.75,0.7024793388429752,121,0.4854390621185303
0.55,0.75,0.5308056872037915,211,0.47915101051330566
0.55,0.75,0.7272727272727273,22,0.4423060417175293
0.55,0.75,0.7453703703703703,216,0.45987892150878906
0.55,0.75,0.7222222222222222,306,0.47614288330078125
0.55,0.75,0.6615384615384615,130,0.46735501289367676
0.55,0.75,0.6625766871165644,163,0.4451558589935303
0.55,0.75,0.6236162361623616,271,0.4577829837799072
0.55,0.75,0.711764705882353,170,0.44251108169555664
0.55,0.75,0.6033898305084746,295,0.46869683265686035
0.55,0.75,0.7777777777777778,153,0.4654850959777832
0.55,0.75,0.7409326424870466,193,0.43906497955322266
0.55,0.75,0.7012987012987013,77,0.4752480983734131
0.55,0.75,0.8044444444444444,225,0.45529913902282715
0.55,0.75,0.7604166666666666,96,0.4402439594268799
0.55,0.75,0.7898089171974523,157,0.45148611068725586
0.55,0.75,0.7604790419161677,167,0.4840731620788574
0.55,0.75,0.7870370370370371,108,0.48390889167785645
0.55,0.75,0.6461538461538462,130,0.48642587661743164
0.55,0.75,0.8465909090909091,176,0.460705041885376
0.55,0.75,0.6759259259259259,108,0.43970799446105957
0.55,0.75,0.8055555555555556,36,0.4351937770843506
0.55,0.75,0.8324022346368715,179,0.45372819900512695
0.55,0.75,0.6090225563909775,266,0.45203614234924316
0.55,0.75,0.2724252491694352,301,0.4572410583496094
0.55,0.75,0.6294642857142857,224,0.4570889472961426
0.55,0.75,0.609375,192,0.4747610092163086
0.55,0.75,0.6666666666666666,6,0.42771387100219727
0.55,0.75,0.7747252747252747,182,0.4506850242614746
0.55,0.75,0.6484375,128,0.4518420696258545
0.55,0.75,0.7095435684647303,241,0.46369409561157227
0.55,0.75,0.3147410358565737,251,0.4576280117034912
0.55,0.75,0.7215189873417721,237,0.5278990268707275
0.6,0.75,0.891156462585034,147,0.44246888160705566
0.6,0.75,0.6481481481481481,216,0.4571101665496826
0.6,0.75,0.7389558232931727,249,0.4538910388946533
0.6,0.75,0.872791519434629,283,0.44665098190307617
0.6,0.75,0.8007968127490039,251,0.49440693855285645
0.6,0.75,0.6694214876033058,242,0.44325900077819824
0.6,0.75,0.6403940886699507,406,0.4543428421020508
0.6,0.75,0.9014084507042254,71,0.4363439083099365
0.6,0.75,0.7604166666666666,192,0.4683401584625244
0.6,0.75,0.5960591133004927,406,0.46118998527526855
0.6,0.75,0.824390243902439,205,0.4557459354400635
0.6,0.75,0.704225352112676,142,0.5036439895629883
0.6,0.75,0.6931818181818182,176,0.44704413414001465
0.6,0.75,0.7142857142857143,413,0.46015405654907227
0.6,0.75,0.8368421052631579,380,0.48113298416137695
0.6,0.75,0.6679841897233202,253,0.46431398391723633
0.6,0.75,0.6444444444444445,270,0.49158382415771484
0.6,0.75,0.5833333333333334,300,0.4637298583984375
0.6,0.75,0.7985611510791367,278,0.43778204917907715
0.6,0.75,0.7074829931972789,294,0.45041489601135254
0.6,0.75,0.7712177121771218,271,0.451246976852417
0.6,0.75,1.0,4,0.4404430389404297
0.6,0.75,0.6441281138790036,281,0.4567878246307373
0.6,0.75,0.676923076923077,260,0.4617609977722168
0.6,0.75,0.58,350,0.4633309841156006
0.6,0.75,0.712166172106825,337,0.4686739444732666
0.6,0.75,0.6425531914893617,235,0.458737850189209
0.6,0.75,0.4787234042553192,376,0.44436120986938477
0.6,0.75,0.5912698412698413,252,0.4507889747619629
0.6,0.75,0.6792452830188679,318,0.45221400260925293
0.6,0.75,0.6754098360655738,305,0.5248279571533203
0.6,0.75,0.8141592920353983,226,0.44116902351379395
0.6,0.75,0.5894039735099338,302,0.4681520462036133
0.6,0.75,0.769811320754717,265,0.5199050903320312
0.6,0.75,0.7637795275590551,254,0.44856882095336914
0.6,0.75,0.7041666666666667,240,0.4774179458618164
0.6,0.75,0.8048780487804879,205,0.44083404541015625
0.6,0.75,0.872,125,0.4494612216949463
0.6,0.75,0.7723880597014925,268,0.449753999710083
0.6,0.75,0.6295180722891566,332,0.4663279056549072
0.6,0.75,0.6124031007751938,258,0.479140043258667
0.6,0.75,0.7130801687763713,237,0.5193970203399658
0.6,0.75,0.724907063197026,269,0.439176082611084
0.6,0.75,0.9431818181818182,176,0.5106258392333984
0.6,0.75,0.7807017543859649,114,0.4430999755859375
0.6,0.75,0.6867469879518072,249,0.44980788230895996
0.6,0.75,0.684931506849315,219,0.4483811855316162
0.6,0.75,0.8159203980099502,201,0.45406079292297363
0.6,0.75,0.6234817813765182,247,0.5078470706939697
0.6,0.75,0.660056657223796,353,0.4535520076751709
0.6,0.75,0.5880398671096345,301,0.46015000343322754
0.6,0.75,0.7006172839506173,324,0.4606339931488037
0.6,0.75,0.8116591928251121,223,0.47600317001342773
0.6,0.75,0.7401129943502824,354,0.4597029685974121
0.6,0.75,0.6016713091922006,359,0.4694809913635254
0.6,0.75,0.6790123456790124,405,0.4582638740539551
0.6,0.75,0.3732394366197183,426,0.4571421146392822
0.6,0.75,0.7181818181818181,220,0.46897101402282715
0.6,0.75,0.5792207792207792,385,0.45276403427124023
0.6,0.75,0.6206896551724138,319,0.44843602180480957
0.6,0.75,0.6548672566371682,339,0.44745898246765137
0.6,0.75,0.5776699029126213,412,0.4601588249206543
0.6,0.75,0.8142857142857143,140,0.45900797843933105
0.6,0.75,0.770392749244713,331,0.4526090621948242
0.6,0.75,0.6996466431095406,283,0.4586348533630371
0.6,0.75,0.6057441253263708,383,0.4664320945739746
0.6,0.75,0.6419753086419753,243,0.44860291481018066
0.6,0.75,0.8755555555555555,225,0.4486989974975586
0.6,0.75,0.6360759493670886,316,0.48624491691589355
0.6,0.75,0.7758620689655172,232,0.4355781078338623
0.6,0.75,0.6683937823834197,193,0.4703841209411621
0.6,0.75,0.6618357487922706,207,0.4807870388031006
0.6,0.75,0.6763754045307443,309,0.447735071182251
0.6,0.75,0.38392857142857145,112,0.4643681049346924
0.6,0.75,0.6961325966850829,362,0.46177220344543457
0.6,0.75,0.8854166666666666,96,0.4725029468536377
0.6,0.75,0.45054945054945056,455,0.4809398651123047
0.6,0.75,0.45930232558139533,516,0.47298693656921387
0.6,0.75,0.6890243902439024,164,0.44911789894104004
0.6,0.75,0.4914772727272727,352,0.499072790145874
0.6,0.75,0.7142857142857143,28,0.4620370864868164
0.6,0.75,0.7138263665594855,311,0.4503920078277588
0.6,0.75,0.696652719665272,478,0.46205902099609375
0.6,0.75,0.6634615384615384,208,0.486738920211792
0.6,0.75,0.6825396825396826,252,0.4679110050201416
0.6,0.75,0.5986238532110092,436,0.4779200553894043
0.6,0.75,0.7015503875968992,258,0.44719600677490234
0.6,0.75,0.5795454545454546,440,0.4594559669494629
0.6,0.75,0.7545454545454545,220,0.4714689254760742
0.6,0.75,0.7169811320754716,318,0.46129608154296875
0.6,0.75,0.8055555555555556,108,0.45236992835998535
0.6,0.75,0.7954545454545454,308,0.4563579559326172
0.6,0.75,0.6804123711340206,194,0.44100308418273926
0.6,0.75,0.7609756097560976,205,0.45496702194213867
0.6,0.75,0.7372549019607844,255,0.4813368320465088
0.6,0.75,0.7142857142857143,182,0.43906211853027344
0.6,0.75,0.6057692307692307,208,0.4599289894104004
0.6,0.75,0.7684210526315789,285,0.5180141925811768
0.6,0.75,0.6420454545454546,176,0.4297468662261963
0.6,0.75,0.78,50,0.4346959590911865
0.6,0.75,0.7610294117647058,272,0.4710228443145752
0.6,0.75,0.5746268656716418,402,0.4430999755859375
0.6,0.75,0.2824601366742597,439,0.46721696853637695
0.6,0.75,0.6355140186915887,321,0.4976940155029297
0.6,0.75,0.6185567010309279,291,0.43862295150756836
0.6,0.75,0.8461538461538461,13,0.4286670684814453
0.6,0.75,0.7536231884057971,276,0.4626631736755371
0.6,0.75,0.6153846153846154,221,0.44472599029541016
0.6,0.75,0.6953125,384,0.4506819248199463
0.6,0.75,0.2950391644908616,383,0.4765348434448242
0.6,0.75,0.6905444126074498,349,0.447145938873291
0.65,0.75,0.8786885245901639,305,0.4718358516693115
0.65,0.75,0.6495098039215687,408,0.45116496086120605
0.65,0.75,0.7305122494432071,449,0.45455002784729004
0.65,0.75,0.8347978910369068,569,0.4566328525543213
0.65,0.75,0.8135593220338984,472,0.47465991973876953
0.65,0.75,0.6537585421412301,439,0.4631481170654297
0.65,0.75,0.6932432432432433,740,0.535412073135376
0.65,0.75,0.8181818181818182,121,0.45029306411743164
0.65,0.75,0.7653631284916201,358,0.4540669918060303
0.65,0.75,0.5568862275449101,835,0.46628713607788086
0.65,0.75,0.8269230769230769,416,0.45296406745910645
0.65,0.75,0.7077464788732394,284,0.46367812156677246
0.65,0.75,0.7869415807560137,291,0.44708704948425293
0.65,0.75,0.7071611253196931,782,0.46668100357055664
0.65,0.75,0.8761329305135952,662,0.45525598526000977
0.65,0.75,0.6106194690265486,452,0.4519979953765869
0.65,0.75,0.6502835538752363,529,0.4931199550628662
0.65,0.75,0.6346153846153846,572,0.47362685203552246
0.65,0.75,0.7926078028747433,487,0.45714497566223145
0.65,0.75,0.6825127334465195,589,0.4764368534088135
0.65,0.75,0.7887596899224806,516,0.4702777862548828
0.65,0.75,1.0,16,0.43045997619628906
0.65,0.75,0.6303030303030303,495,0.46355605125427246
0.65,0.75,0.6900826446280992,484,0.4756641387939453
0.65,0.75,0.6054131054131054,702,0.4685828685760498
0.65,0.75,0.7089783281733746,646,0.4903421401977539
0.65,0.75,0.6449438202247191,445,0.4501640796661377
0.65,0.75,0.45874125874125876,715,0.4685828685760498
0.65,0.75,0.615909090909091,440,0.5015339851379395
0.65,0.75,0.6671802773497689,649,0.46135997772216797
0.65,0.75,0.6719298245614035,570,0.4613518714904785
0.65,0.75,0.7869955156950673,446,0.4433929920196533
0.65,0.75,0.6,600,0.46640610694885254
0.65,0.75,0.7832618025751072,466,0.5150430202484131
0.65,0.75,0.7536231884057971,483,0.4586050510406494
0.65,0.75,0.7008032128514057,498,0.4844191074371338
0.65,0.75,0.7535545023696683,422,0.4827721118927002
0.65,0.75,0.8571428571428571,231,0.44585514068603516
0.65,0.75,0.7479508196721312,488,0.4596588611602783
0.65,0.75,0.6479099678456591,622,0.46365809440612793
0.65,0.75,0.6203007518796992,532,0.49729299545288086
0.65,0.75,0.7123893805309734,452,0.4804689884185791
0.65,0.75,0.7003610108303249,554,0.47324705123901367
0.65,0.75,0.9045936395759717,283,0.4558100700378418
0.65,0.75,0.7477876106194691,226,0.4597761631011963
0.65,0.75,0.5691699604743083,506,0.4550659656524658
0.65,0.75,0.66,450,0.4591860771179199
0.65,0.75,0.819672131147541,366,0.4504508972167969
0.65,0.75,0.5654885654885655,481,0.46993589401245117
0.65,0.75,0.6666666666666666,639,0.46743297576904297
0.65,0.75,0.5778546712802768,578,0.47736406326293945
0.65,0.75,0.718381112984823,593,0.4694859981536865
0.65,0.75,0.7613365155131265,419,0.5315899848937988
0.65,0.75,0.7188940092165899,651,0.47524499893188477
0.65,0.75,0.5622435020519836,731,0.5388801097869873
0.65,0.75,0.6666666666666666,789,0.47499895095825195
0.65,0.75,0.37578814627994955,793,0.477031946182251
0.65,0.75,0.7364705882352941,425,0.5696799755096436
0.65,0.75,0.5559610705596107,822,0.5017740726470947
0.65,0.75,0.6298701298701299,616,0.456165075302124
0.65,0.75,0.6642228739002932,682,0.45308399200439453
0.65,0.75,0.5799031476997578,826,0.47150301933288574
0.65,0.75,0.7204724409448819,254,0.45357298851013184
0.65,0.75,0.797945205479452,584,0.46388697624206543
0.65,0.75,0.6909448818897638,508,0.5086419582366943
0.65,0.75,0.6302294197031039,741,0.4560248851776123
0.65,0.75,0.6584867075664622,489,0.44937992095947266
0.65,0.75,0.8531317494600432,463,0.45134401321411133
0.65,0.75,0.5975039001560063,641,0.46834301948547363
0.65,0.75,0.7720090293453724,443,0.45435595512390137
0.65,0.75,0.6504854368932039,412,0.46686482429504395
0.65,0.75,0.672289156626506,415,0.47890210151672363
0.65,0.75,0.6597744360902256,532,0.4990410804748535
0.65,0.75,0.4426229508196721,183,0.46289801597595215
0.65,0.75,0.6900958466453674,626,0.4598119258880615
0.65,0.75,0.822429906542056,214,0.4429149627685547
0.65,0.75,0.463768115942029,897,0.4953291416168213
0.65,0.75,0.4675732217573222,956,0.4613039493560791
0.65,0.75,0.6404109589041096,292,0.45589303970336914
0.65,0.75,0.5295950155763239,642,0.4701540470123291
0.65,0.75,0.78,50,0.4365370273590088
0.65,0.75,0.7188498402555911,626,0.4623119831085205
0.65,0.75,0.6843853820598007,903,0.47527194023132324
0.65,0.75,0.6321243523316062,386,0.46741700172424316
0.65,0.75,0.6760259179265659,463,0.4437720775604248
0.65,0.75,0.6002522068095839,793,0.461881160736084
0.65,0.75,0.6719056974459725,509,0.44742703437805176
0.65,0.75,0.5476744186046512,860,0.4788529872894287
0.65,0.75,0.7703703703703704,405,0.4595949649810791
0.65,0.75,0.6925734024179621,579,0.461353063583374
0.65,0.75,0.6916299559471366,227,0.44893908500671387
0.65,0.75,0.7628205128205128,624,0.4630849361419678
0.65,0.75,0.7070063694267515,314,0.4728431701660156
0.65,0.75,0.7551546391752577,388,0.45852184295654297
0.65,0.75,0.7330677290836654,502,0.4695279598236084
0.65,0.75,0.7552631578947369,380,0.45107412338256836
0.65,0.75,0.6080760095011877,421,0.4570949077606201
0.65,0.75,0.7285464098073555,571,0.4848670959472656
0.65,0.75,0.6035502958579881,338,0.4522230625152588
0.65,0.75,0.8247422680412371,97,0.4422938823699951
0.65,0.75,0.7718940936863544,491,0.4689371585845947
0.65,0.75,0.5424164524421594,778,0.48436403274536133
0.65,0.75,0.2803970223325062,806,0.47773098945617676
0.65,0.75,0.6494845360824743,582,0.46354103088378906
0.65,0.75,0.5763293310463122,583,0.49295496940612793
0.65,0.75,0.7647058823529411,34,0.4740440845489502
0.65,0.75,0.7368421052631579,551,0.4970121383666992
0.65,0.75,0.6435897435897436,390,0.46257805824279785
0.65,0.75,0.6920943134535368,721,0.4852628707885742
0.65,0.75,0.3074792243767313,722,0.4545109272003174
0.65,0.75,0.6588235294117647,680,0.4540269374847412
0.7,0.75,0.8638297872340426,470,0.4837639331817627
0.7,0.75,0.6415094339622641,636,0.466663122177124
0.7,0.75,0.6911764705882353,748,0.48427391052246094
0.7,0.75,0.8168202764976958,868,0.4826178550720215
0.7,0.75,0.8108843537414966,735,0.48610711097717285
0.7,0.75,0.6389684813753582,698,0.473768949508667
0.7,0.75,0.6310116086235489,1206,0.49289798736572266
0.7,0.75,0.827906976744186,215,0.4504270553588867
0.7,0.75,0.7212230215827338,556,0.4754500389099121
0.7,0.75,0.5287081339712919,1254,0.5099549293518066
0.7,0.75,0.8218125960061444,651,0.4740619659423828
0.7,0.75,0.7252252252252253,444,0.4745349884033203
0.7,0.75,0.7178947368421053,475,0.4873168468475342
0.7,0.75,0.6832618025751073,1165,0.4915919303894043
0.7,0.75,0.8347578347578347,1053,0.502593994140625
0.7,0.75,0.6045197740112994,708,0.5183548927307129
0.7,0.75,0.6465816917728853,863,0.4700319766998291
0.7,0.75,0.6114649681528662,942,0.49503612518310547
0.7,0.75,0.7515225334957369,821,0.5106298923492432
0.7,0.75,0.6609195402298851,870,0.4794909954071045
0.7,0.75,0.75625,800,0.4950580596923828
0.7,0.75,1.0,22,0.45445680618286133
0.7,0.75,0.5867014341590613,767,0.49216794967651367
0.7,0.75,0.6732804232804233,756,0.477435827255249
0.7,0.75,0.5700667302192565,1049,0.5103869438171387
0.7,0.75,0.663147792706334,1042,0.5163698196411133
0.7,0.75,0.6414565826330533,714,0.5054409503936768
0.7,0.75,0.4581497797356828,1135,0.4997849464416504
0.7,0.75,0.6053811659192825,669,0.47866296768188477
0.7,0.75,0.6526639344262295,976,0.48116421699523926
0.7,0.75,0.6277602523659306,951,0.48458290100097656
0.7,0.75,0.7717086834733894,714,0.4707920551300049
0.7,0.75,0.5489989462592202,949,0.4858529567718506
0.7,0.75,0.7636363636363637,715,0.4716510772705078
0.7,0.75,0.7503586800573888,697,0.4731440544128418
0.7,0.75,0.6750948166877371,791,0.47173285484313965
0.7,0.75,0.774390243902439,656,0.49639296531677246
0.7,0.75,0.8260869565217391,345,0.47014403343200684
0.7,0.75,0.7374301675977654,716,0.48431992530822754
0.7,0.75,0.603585657370518,1004,0.5231680870056152
0.7,0.75,0.5618615209988649,881,0.4866058826446533
0.7,0.75,0.6481481481481481,756,0.4865989685058594
0.7,0.75,0.668646080760095,842,0.4786860942840576
0.7,0.75,0.8900634249471459,473,0.47782111167907715
0.7,0.75,0.752112676056338,355,0.4996829032897949
0.7,0.75,0.5900621118012422,805,0.47944092750549316
0.7,0.75,0.6005547850208044,721,0.47798585891723633
0.7,0.75,0.8096026490066225,604,0.4638369083404541
0.7,0.75,0.5818431911966988,727,0.5074141025543213
0.7,0.75,0.6271529888551165,987,0.47978997230529785
0.7,0.75,0.5587918015102481,927,0.49225783348083496
0.7,0.75,0.687089715536105,914,0.4842188358306885
0.7,0.75,0.7242472266244057,631,0.4781761169433594
0.7,0.75,0.7005128205128205,975,0.4867570400238037
0.7,0.75,0.5396966993755575,1121,0.49493408203125
0.7,0.75,0.6746096959737058,1217,0.503061056137085
0.7,0.75,0.3697411003236246,1236,0.4962780475616455
0.7,0.75,0.7179856115107913,695,0.47664904594421387
0.7,0.75,0.5139344262295082,1220,0.5139720439910889
0.7,0.75,0.6329670329670329,910,0.47690510749816895
0.7,0.75,0.6507276507276507,962,0.47843194007873535
0.7,0.75,0.5700861393891934,1277,0.49331092834472656
0.7,0.75,0.6648793565683646,373,0.4784419536590576
0.7,0.75,0.7649667405764967,902,0.4782688617706299
0.7,0.75,0.6830188679245283,795,0.4947969913482666
0.7,0.75,0.5922939068100358,1116,0.4900069236755371
0.7,0.75,0.6355140186915887,749,0.5127379894256592
0.7,0.75,0.834924965893588,733,0.4878501892089844
0.7,0.75,0.6052104208416834,998,0.48670196533203125
0.7,0.75,0.7374631268436578,678,0.46717000007629395
0.7,0.75,0.6438569206842923,643,0.491502046585083
0.7,0.75,0.6614664586583463,641,0.4589500427246094
0.7,0.75,0.6278511404561825,833,0.47774291038513184
0.7,0.75,0.40764331210191085,314,0.4846069812774658
0.7,0.75,0.7145833333333333,960,0.48998188972473145
0.7,0.75,0.8309859154929577,355,0.4601750373840332
0.7,0.75,0.43546099290780144,1410,0.5115928649902344
0.7,0.75,0.45859429366736254,1437,0.54001784324646
0.7,0.75,0.5793991416309013,466,0.47791004180908203
0.7,0.75,0.4916256157635468,1015,0.5461030006408691
0.7,0.75,0.75,104,0.45412611961364746
0.7,0.75,0.6961382113821138,984,0.5424649715423584
0.7,0.75,0.6656671664167916,1334,0.5108530521392822
0.7,0.75,0.6380655226209049,641,0.48290205001831055
0.7,0.75,0.6432748538011696,684,0.48101282119750977
0.7,0.75,0.553006329113924,1264,0.51552414894104
0.7,0.75,0.6767810026385225,758,0.4986388683319092
0.7,0.75,0.5444277108433735,1328,0.5538887977600098
0.7,0.75,0.7474302496328928,681,0.4698069095611572
0.7,0.75,0.711340206185567,873,0.5155980587005615
0.7,0.75,0.7682926829268293,328,0.5068559646606445
0.7,0.75,0.7489406779661016,944,0.5257961750030518
0.7,0.75,0.708502024291498,494,0.4703240394592285
0.7,0.75,0.72,675,0.4721808433532715
0.7,0.75,0.7252311756935271,757,0.5406558513641357
0.7,0.75,0.7338003502626971,571,0.501384973526001
0.7,0.75,0.5639445300462249,649,0.4976179599761963
0.7,0.75,0.7263397947548461,877,0.48522210121154785
0.7,0.75,0.594,500,0.4699089527130127
0.7,0.75,0.8529411764705882,136,0.4549708366394043
0.7,0.75,0.7572327044025158,795,0.48802995681762695
0.7,0.75,0.5540425531914893,1175,0.4790661334991455
0.7,0.75,0.25562700964630225,1244,0.5071570873260498
0.7,0.75,0.6300518134715026,965,0.47756004333496094
0.7,0.75,0.5634920634920635,882,0.4805600643157959
0.7,0.75,0.8163265306122449,49,0.4528789520263672
0.7,0.75,0.7241379310344828,841,0.48871397972106934
0.7,0.75,0.602803738317757,642,0.47451305389404297
0.7,0.75,0.6450252951096122,1186,0.4892160892486572
0.7,0.75,0.3103146853146853,1144,0.48129892349243164
0.7,0.75,0.6563670411985019,1068,0.4840989112854004
0.75,0.75,0.8331210191082803,785,0.5343990325927734
0.75,0.75,0.6611328125,1024,0.535707950592041
0.75,0.75,0.7046070460704607,1107,0.5412280559539795
0.75,0.75,0.8044096728307255,1406,0.5502228736877441
0.75,0.75,0.7838312829525483,1138,0.561967134475708
0.75,0.75,0.6720285969615728,1119,0.5740401744842529
0.75,0.75,0.6359743040685225,1868,0.5769810676574707
0.75,0.75,0.8322368421052632,304,0.5314640998840332
0.75,0.75,0.7398843930635838,865,0.5823121070861816
0.75,0.75,0.5434889434889435,2035,0.6116349697113037
0.75,0.75,0.8162111215834119,1061,0.5249538421630859
0.75,0.75,0.75,728,0.5200679302215576
0.75,0.75,0.7571251548946716,807,0.5262939929962158
0.75,0.75,0.6869940636805181,1853,0.5996448993682861
0.75,0.75,0.8340248962655602,1687,0.5566158294677734
0.75,0.75,0.6221821460775473,1109,0.5299530029296875
0.75,0.75,0.6751306945481703,1339,0.5399169921875
0.75,0.75,0.6288515406162465,1428,0.5493788719177246
0.75,0.75,0.7600631412786109,1267,0.5288469791412354
0.75,0.75,0.6511794138670479,1399,0.5482320785522461
0.75,0.75,0.7305577376276512,1273,0.563230037689209
0.75,0.75,1.0,28,0.4990859031677246
0.75,0.75,0.6043689320388349,1236,0.5592310428619385
0.75,0.75,0.665090622537431,1269,0.5543680191040039
0.75,0.75,0.587995337995338,1716,0.5652751922607422
0.75,0.75,0.6753168376584189,1657,0.5992460250854492
0.75,0.75,0.6443850267379679,1122,0.560737133026123
0.75,0.75,0.4416159380188157,1807,0.6028499603271484
0.75,0.75,0.5966542750929368,1076,0.5347881317138672
0.75,0.75,0.6722689075630253,1547,0.5487210750579834
0.75,0.75,0.6149622512010982,1457,0.5622901916503906
0.75,0.75,0.7598597721297108,1141,0.5337648391723633
0.75,0.75,0.5801576872536137,1522,0.5537929534912109
0.75,0.75,0.7416107382550335,1192,0.5540781021118164
0.75,0.75,0.7347972972972973,1184,0.5950682163238525
0.75,0.75,0.689928628072958,1261,0.5681490898132324
0.75,0.75,0.7531831537708129,1021,0.5339930057525635
0.75,0.75,0.8304794520547946,584,0.5146880149841309
0.75,0.75,0.7635869565217391,1104,0.5546081066131592
0.75,0.75,0.6196581196581197,1638,0.5738580226898193
0.75,0.75,0.5771028037383178,1284,0.5491178035736084
0.75,0.75,0.68385460693153,1183,0.5451529026031494
0.75,0.75,0.6575144508670521,1384,0.5971601009368896
0.75,0.75,0.8628495339547271,751,0.5543510913848877
0.75,0.75,0.7221324717285945,619,0.5224599838256836
0.75,0.75,0.5866261398176292,1316,0.5582590103149414
0.75,0.75,0.6286472148541115,1131,0.5515050888061523
0.75,0.75,0.7901109989909183,991,0.5354108810424805
0.75,0.75,0.5625517812758907,1207,0.5457079410552979
0.75,0.75,0.6099939061547837,1641,0.5636968612670898
0.75,0.75,0.5692520775623269,1444,0.5824010372161865
0.75,0.75,0.6889035667107001,1514,0.5681960582733154
0.75,0.75,0.7322987390882638,1031,0.5465891361236572
0.75,0.75,0.7103960396039604,1616,0.5932779312133789
0.75,0.75,0.5577354260089686,1784,0.6145839691162109
0.75,0.75,0.6968586387434555,1910,0.5749328136444092
0.75,0.75,0.3653444676409186,1916,0.5778388977050781
0.75,0.75,0.7330188679245283,1060,0.553400993347168
0.75,0.75,0.5252976190476191,2016,0.6091539859771729
0.75,0.75,0.6496250852079073,1467,0.5562670230865479
0.75,0.75,0.6636655948553055,1555,0.5538969039916992
0.75,0.75,0.5806923451974646,2051,0.581995964050293
0.75,0.75,0.689594356261023,567,0.532249927520752
0.75,0.75,0.7549623545516769,1461,0.5643439292907715
0.75,0.75,0.6948102246320682,1291,0.5751910209655762
0.75,0.75,0.5903547671840355,1804,0.5825400352478027
0.75,0.75,0.62106135986733,1206,0.5529110431671143
0.75,0.75,0.8355205599300087,1143,0.5311939716339111
0.75,0.75,0.5828220858895705,1630,0.5624911785125732
0.75,0.75,0.7417883211678832,1096,0.5292460918426514
0.75,0.75,0.6482021379980564,1029,0.5419659614562988
0.75,0.75,0.6368932038834951,1030,0.5241861343383789
0.75,0.75,0.6208362863217576,1411,0.5471680164337158
0.75,0.75,0.43364928909952605,422,0.5220839977264404
0.75,0.75,0.7219578518014956,1471,0.5390229225158691
0.75,0.75,0.8246869409660107,559,0.5116870403289795
0.75,0.75,0.44681818181818184,2200,0.5859661102294922
0.75,0.75,0.452240067624683,2366,0.5873708724975586
0.75,0.75,0.5669398907103825,732,0.5523209571838379
0.75,0.75,0.4948012232415902,1635,0.5740480422973633
0.75,0.75,0.7777777777777778,162,0.5047450065612793
0.75,0.75,0.6934169278996866,1595,0.5490219593048096
0.75,0.75,0.6642761093679964,2231,0.6509060859680176
0.75,0.75,0.6302605210420842,998,0.5489258766174316
0.75,0.75,0.6273972602739726,1095,0.5476629734039307
0.75,0.75,0.5905194150277358,1983,0.5774929523468018
0.75,0.75,0.668503937007874,1270,0.5410220623016357
0.75,0.75,0.5347866419294991,2156,0.5819101333618164
0.75,0.75,0.7464788732394366,1065,0.5345301628112793
0.75,0.75,0.7027027027027027,1406,0.5480458736419678
0.75,0.75,0.7429643527204502,533,0.5477480888366699
0.75,0.75,0.7218376337319069,1589,0.5650250911712646
0.75,0.75,0.6831566548881036,849,0.524176836013794
0.75,0.75,0.7392638036809815,978,0.5335898399353027
0.75,0.75,0.7495934959349594,1230,0.5527811050415039
0.75,0.75,0.7426067907995619,913,0.5284030437469482
0.75,0.75,0.5860420650095602,1046,0.5285749435424805
0.75,0.75,0.731159420289855,1380,0.5427308082580566
0.75,0.75,0.6147635524798154,867,0.5210649967193604
0.75,0.75,0.8518518518518519,216,0.5177979469299316
0.75,0.75,0.7414448669201521,1315,0.5655388832092285
0.75,0.75,0.5655913978494623,1860,0.5624630451202393
0.75,0.75,0.2610062893081761,1908,0.5760757923126221
0.75,0.75,0.6281271129141311,1479,0.5515680313110352
0.75,0.75,0.579250720461095,1388,0.5704610347747803
0.75,0.75,0.8333333333333334,96,0.5012531280517578
0.75,0.75,0.706794682422452,1354,0.6172471046447754
0.75,0.75,0.6300403225806451,992,0.5391490459442139
0.75,0.75,0.6600768808347062,1821,0.5738060474395752
0.75,0.75,0.3051511758118701,1786,0.5619869232177734
0.75,0.75,0.6404293381037567,1677,0.5782821178436279
0.8,0.75,0.8298045602605864,1228,0.7338340282440186
0.8,0.75,0.6677696889477167,1511,0.7378652095794678
0.8,0.75,0.6908240794856809,1711,0.7599020004272461
0.8,0.75,0.8059225512528474,2195,0.7631869316101074
0.8,0.75,0.7727529677784059,1769,0.8254518508911133
0.8,0.75,0.6907097518753607,1733,0.737403154373169
0.8,0.75,0.6494133885438234,2898,0.9193100929260254
0.8,0.75,0.8369098712446352,466,0.7058720588684082
0.8,0.75,0.7536679536679537,1295,0.8746628761291504
0.8,0.75,0.5283505154639175,3104,0.8270280361175537
0.8,0.75,0.7937888198757764,1610,0.7188999652862549
0.8,0.75,0.7504440497335702,1126,0.7209188938140869
0.8,0.75,0.75,1248,0.7201881408691406
0.8,0.75,0.689432063263839,2782,0.9704320430755615
0.8,0.75,0.8276,2500,0.8229331970214844
0.8,0.75,0.5785915492957746,1775,0.7466318607330322
0.8,0.75,0.655565693430657,2192,0.7702021598815918
0.8,0.75,0.6319290465631929,2255,0.7949798107147217
0.8,0.75,0.7618796198521647,1894,0.777076005935669
0.8,0.75,0.6546052631578947,2128,0.7952959537506104
0.8,0.75,0.71973209685729,1941,0.7899808883666992
0.8,0.75,1.0,53,0.6780819892883301
0.8,0.75,0.6129541864139021,1899,0.770866870880127
0.8,0.75,0.6777954425013248,1887,0.7767231464385986
0.8,0.75,0.5842476489028213,2552,0.8132009506225586
0.8,0.75,0.6690391459074733,2529,0.8838660717010498
0.8,0.75,0.6334120425029516,1694,0.7864298820495605
0.8,0.75,0.44568747744496573,2771,0.8731441497802734
0.8,0.75,0.6076409945421467,1649,0.7386119365692139
0.8,0.75,0.6776003452740613,2317,0.8473758697509766
0.8,0.75,0.6242452392011147,2153,0.7780649662017822
0.8,0.75,0.7377680043980209,1819,0.7890548706054688
0.8,0.75,0.5891507336594042,2249,0.8156960010528564
0.8,0.75,0.7427210164107994,1889,0.7508840560913086
0.8,0.75,0.7127010537992235,1803,0.7625830173492432
0.8,0.75,0.6778947368421052,1900,0.7534599304199219
0.8,0.75,0.7449748743718593,1592,0.8267300128936768
0.8,0.75,0.848087431693989,915,0.7703030109405518
0.8,0.75,0.7560275545350172,1742,0.7535519599914551
0.8,0.75,0.6041417761847869,2511,0.8246839046478271
0.8,0.75,0.5848303393213573,2004,0.7967560291290283
0.8,0.75,0.6789444749862562,1819,0.7644088268280029
0.8,0.75,0.6743295019157088,2088,0.7638468742370605
0.8,0.75,0.8636363636363636,1166,0.7296209335327148
0.8,0.75,0.7246835443037974,948,0.7271881103515625
0.8,0.75,0.5858739837398373,1968,0.7607200145721436
0.8,0.75,0.6273364485981309,1712,0.7675881385803223
0.8,0.75,0.789544235924933,1492,0.7310140132904053
0.8,0.75,0.5672866520787746,1828,0.7814559936523438
0.8,0.75,0.6068911511354738,2554,0.8036398887634277
0.8,0.75,0.5795036764705882,2176,0.8348410129547119
0.8,0.75,0.6855400696864111,2296,0.7958600521087646
0.8,0.75,0.704516938519448,1594,0.7508118152618408
0.8,0.75,0.6907710747103476,2503,0.8426370620727539
0.8,0.75,0.5538290788013318,2703,0.8521728515625
0.8,0.75,0.6628876292097365,2999,0.8694210052490234
0.8,0.75,0.38163606010016693,2995,0.8410289287567139
0.8,0.75,0.7276007215874924,1663,0.7947728633880615
0.8,0.75,0.5218525766470972,3066,0.8764350414276123
0.8,0.75,0.6510658016682113,2158,0.7812631130218506
0.8,0.75,0.6628254374733248,2343,0.7799320220947266
0.8,0.75,0.5802943058221369,3126,0.8277251720428467
0.8,0.75,0.6916461916461917,814,0.7208800315856934
0.8,0.75,0.7525959367945824,2215,0.846656084060669
0.8,0.75,0.6775956284153005,2013,0.7970480918884277
0.8,0.75,0.604499274310595,2756,0.8065860271453857
0.8,0.75,0.6175824175824176,1820,0.7591791152954102
0.8,0.75,0.8204015192620727,1843,0.7430078983306885
0.8,0.75,0.5822937625754527,2485,0.7959029674530029
0.8,0.75,0.7446933962264151,1696,0.7510910034179688
0.8,0.75,0.6660026560424966,1506,0.7540440559387207
0.8,0.75,0.6347607052896725,1588,0.7334609031677246
0.8,0.75,0.6330361332707649,2131,0.7771110534667969
0.8,0.75,0.44031007751937984,645,0.7076449394226074
0.8,0.75,0.7152259763053971,2279,0.765192985534668
0.8,0.75,0.8521634615384616,832,0.7852981090545654
0.8,0.75,0.4525353773584906,3392,0.9004058837890625
0.8,0.75,0.4510442093843233,3687,0.9062490463256836
0.8,0.75,0.5933147632311978,1077,0.7328469753265381
0.8,0.75,0.4876099120703437,2502,0.7972230911254883
0.8,0.75,0.7640449438202247,267,0.6961400508880615
0.8,0.75,0.6974586526825333,2479,0.7639689445495605
0.8,0.75,0.6512309495896834,3412,0.8742620944976807
0.8,0.75,0.639135959339263,1574,0.7707300186157227
0.8,0.75,0.6299638989169675,1662,0.7412629127502441
0.8,0.75,0.5878539747526441,2931,0.8290250301361084
0.8,0.75,0.6709644146467251,1939,0.799738883972168
0.8,0.75,0.5402368660795627,3293,0.8568930625915527
0.8,0.75,0.7247648902821316,1595,0.7536289691925049
0.8,0.75,0.7081406105457909,2162,0.7642948627471924
0.8,0.75,0.7694235588972431,798,0.7066562175750732
0.8,0.75,0.722524028416214,2393,0.8098092079162598
0.8,0.75,0.6807324840764332,1256,0.7282068729400635
0.8,0.75,0.7412451361867705,1542,0.7462718486785889
0.8,0.75,0.7476686780032913,1823,0.7589170932769775
0.8,0.75,0.7363957597173145,1415,0.7483739852905273
0.8,0.75,0.5890663390663391,1628,0.734544038772583
0.8,0.75,0.7306603773584905,2120,0.7673578262329102
0.8,0.75,0.5966257668711656,1304,0.7189881801605225
0.8,0.75,0.8125,352,0.8273780345916748
0.8,0.75,0.7294058911632552,2003,0.8253700733184814
0.8,0.75,0.5587716201906107,2833,0.806649923324585
0.8,0.75,0.27466483327603985,2909,0.8255569934844971
0.8,0.75,0.6552655265526552,2222,0.7721080780029297
0.8,0.75,0.5863192182410424,2149,0.7653579711914062
0.8,0.75,0.8650793650793651,126,0.7214820384979248
0.8,0.75,0.7183794466403162,2024,0.7804040908813477
0.8,0.75,0.6406035665294925,1458,0.7470920085906982
0.8,0.75,0.6548642145067033,2909,0.831610918045044
0.8,0.75,0.30951499444650127,2701,0.8137919902801514
0.8,0.75,0.6463893249607535,2548,0.8231809139251709
0.85,0.75,0.8181386514719848,2106,1.5470609664916992
0.85,0.75,0.662485299882399,2551,1.5726079940795898
0.85,0.75,0.6812227074235808,2977,1.595142126083374
0.85,0.75,0.783685170706281,3837,1.682884931564331
0.85,0.75,0.7634162303664922,3056,1.6246519088745117
0.85,0.75,0.6836102965135223,3069,1.6159348487854004
0.85,0.75,0.6168336673346694,4990,1.9500458240509033
0.85,0.75,0.8373983739837398,861,1.4141170978546143
0.85,0.75,0.7444341372912802,2156,1.5105540752410889
0.85,0.75,0.5149365197908887,5356,1.9134418964385986
0.85,0.75,0.7941073307611365,2851,1.5440611839294434
0.85,0.75,0.7416124186279419,1997,1.4718389511108398
0.85,0.75,0.7257555254848895,2217,1.5502538681030273
0.85,0.75,0.67616899097621,4876,2.0574209690093994
0.85,0.75,0.8143088677934707,4319,1.769798994064331
0.85,0.75,0.5801825293350718,3068,1.6022658348083496
0.85,0.75,0.6488589211618258,3856,1.653723955154419
0.85,0.75,0.6056584877315974,3994,1.697991132736206
0.85,0.75,0.7542147293700089,3381,1.715014934539795
0.85,0.75,0.6305001366493578,3659,1.7018728256225586
0.85,0.75,0.713526284701713,3386,1.7333121299743652
0.85,0.75,1.0,105,1.384753942489624
0.85,0.75,0.5978883861236802,3315,1.6912050247192383
0.85,0.75,0.6591955787534541,3257,1.6526119709014893
0.85,0.75,0.5849909584086799,4424,2.0400750637054443
0.85,0.75,0.6542709037638044,4437,1.8479421138763428
0.85,0.75,0.64189852700491,3055,1.6801221370697021
0.85,0.75,0.4273190621814475,4905,1.9049439430236816
0.85,0.75,0.6011883956658511,2861,1.5806069374084473
0.85,0.75,0.6648961854176726,4142,1.7350099086761475
0.85,0.75,0.61336084601496,3877,1.7152431011199951
0.85,0.75,0.7269851312875673,3161,1.6128089427947998
0.85,0.75,0.5624675997926387,3858,1.7142229080200195
0.85,0.75,0.7195571955719557,3252,1.626033067703247
0.85,0.75,0.700815660685155,3065,1.6220800876617432
0.85,0.75,0.6729801716484167,3379,1.6151111125946045
0.85,0.75,0.7279386117893268,2867,1.5698699951171875
0.85,0.75,0.813358302122347,1602,1.4756240844726562
0.85,0.75,0.7605538669368457,2961,1.6258480548858643
0.85,0.75,0.5856428895956384,4402,1.8047020435333252
0.85,0.75,0.5659645232815964,3608,1.6671130657196045
0.85,0.75,0.6668721109399075,3245,1.6851799488067627
0.85,0.75,0.6458333333333334,3600,1.6760320663452148
0.85,0.75,0.8571428571428571,1995,1.5574288368225098
0.85,0.75,0.6979827089337176,1735,1.537755012512207
0.85,0.75,0.5653199646122088,3391,1.6479730606079102
0.85,0.75,0.6235411803934645,2999,1.631450891494751
0.85,0.75,0.7853260869565217,2576,1.5684750080108643
0.85,0.75,0.5552779512804498,3202,1.6443419456481934
0.85,0.75,0.5865428183053919,4414,1.790032148361206
0.85,0.75,0.5660176046945852,3749,1.728734016418457
0.85,0.75,0.6685601383057546,4049,1.7792530059814453
0.85,0.75,0.6869978086194303,2738,1.5980861186981201
0.85,0.75,0.6640838650865998,4388,1.8490989208221436
0.85,0.75,0.5363674147963424,4812,1.8647770881652832
0.85,0.75,0.6520210896309314,5121,1.999514102935791
0.85,0.75,0.36570561456752654,5272,1.954375982284546
0.85,0.75,0.7216349541930938,2838,1.5968730449676514
0.85,0.75,0.5052748473070516,5403,2.060878038406372
0.85,0.75,0.640318302387268,3770,1.7700507640838623
0.85,0.75,0.6623441396508728,4010,1.7741727828979492
0.85,0.75,0.5699267880608222,5327,1.9337739944458008
0.85,0.75,0.6695278969957081,1398,1.4923579692840576
0.85,0.75,0.7459942211715261,3807,1.7422468662261963
0.85,0.75,0.6663795578524261,3483,1.741610050201416
0.85,0.75,0.5889987639060569,4854,1.8303020000457764
0.85,0.75,0.6013941698352345,3156,1.6614899635314941
0.85,0.75,0.8127565519419009,3167,1.601391077041626
0.85,0.75,0.5852299117510451,4306,1.7577381134033203
0.85,0.75,0.7408044001375043,2909,1.636322021484375
0.85,0.75,0.6463323353293413,2672,1.5622169971466064
0.85,0.75,0.6073126142595978,2735,1.5719540119171143
0.85,0.75,0.6185819070904646,3681,1.7169690132141113
0.85,0.75,0.40753138075313805,1195,1.4790318012237549
0.85,0.75,0.7258726899383984,3896,1.7167470455169678
0.85,0.75,0.8526315789473684,1520,1.5289881229400635
0.85,0.75,0.43621399176954734,6075,2.073422908782959
0.85,0.75,0.439016849590354,6469,2.0667548179626465
0.85,0.75,0.5816649104320337,1898,1.5338530540466309
0.85,0.75,0.4699153511782201,4371,1.7776398658752441
0.85,0.75,0.7708830548926014,419,1.4321560859680176
0.85,0.75,0.6831797235023042,4340,1.7119858264923096
0.85,0.75,0.639548593565774,5937,2.1048879623413086
0.85,0.75,0.6319621405169276,2747,1.604262113571167
0.85,0.75,0.6271716469770674,2878,1.6279761791229248
0.85,0.75,0.577752117013087,5196,1.865523099899292
0.85,0.75,0.6568862275449102,3340,1.6300759315490723
0.85,0.75,0.5227591036414566,5712,1.9908089637756348
0.85,0.75,0.7192279679533867,2746,1.5986368656158447
0.85,0.75,0.6866104375329467,3794,1.6644511222839355
0.85,0.75,0.7407147862648914,1427,1.4757890701293945
0.85,0.75,0.7053314121037464,4164,1.7787761688232422
0.85,0.75,0.6789115646258503,2205,1.5137569904327393
0.85,0.75,0.7292215118465588,2659,1.585263967514038
0.85,0.75,0.729997003296374,3337,1.6413400173187256
0.85,0.75,0.7274193548387097,2480,1.5613551139831543
0.85,0.75,0.5771195097037793,2937,1.6040761470794678
0.85,0.75,0.7237991266375546,3664,1.8407840728759766
0.85,0.75,0.5940417963539351,2249,1.5554029941558838
0.85,0.75,0.841091492776886,623,1.4150080680847168
0.85,0.75,0.7184061849539102,3363,1.6484789848327637
0.85,0.75,0.5536939846588615,4954,1.842881202697754
0.85,0.75,0.27301092043681746,5128,1.861588954925537
0.85,0.75,0.6428387760349704,3889,1.6820290088653564
0.85,0.75,0.571466595688049,3757,1.6866848468780518
0.85,0.75,0.8278688524590164,244,1.3775639533996582
0.85,0.75,0.7142466502597757,3657,1.6919481754302979
0.85,0.75,0.6516641452344932,2644,1.5402979850769043
0.85,0.75,0.6467722289890377,4926,1.9047369956970215
0.85,0.75,0.29555236728837875,4879,1.8084709644317627
0.85,0.75,0.6344158773116825,4434,1.8291230201721191
0.9,0.75,0.8083118556701031,3104,5.632519960403442
0.9,0.75,0.6700421940928271,3555,5.74702787399292
0.9,0.75,0.677536231884058,4140,5.86351203918457
0.9,0.75,0.7732644017725259,5416,6.3895649909973145
0.9,0.75,0.7485084901330886,4358,6.115799903869629
0.9,0.75,0.6878306878306878,4347,5.876401901245117
0.9,0.75,0.6107625819043636,7173,7.688597917556763
0.9,0.75,0.8469721767594108,1222,5.040941953659058
0.9,0.75,0.7628161312371838,2926,5.513575077056885
0.9,0.75,0.5112702201007691,7542,7.736455917358398
0.9,0.75,0.8031536113936928,3932,5.710813999176025
0.9,0.75,0.755563662896753,2741,5.331326007843018
0.9,0.75,0.7390066434672572,3161,5.536184787750244
0.9,0.75,0.6549682264586943,6924,7.478881120681763
0.9,0.75,0.7971162001696352,5895,6.826046943664551
0.9,0.75,0.55624860770773,4489,6.037390947341919
0.9,0.75,0.652118334550767,5476,6.277199983596802
0.9,0.75,0.6096902017291066,5552,6.4570839405059814
0.9,0.75,0.746816948445001,4791,6.035881042480469
0.9,0.75,0.6171617161716172,5151,6.37103009223938
0.9,0.75,0.7065462753950339,4873,6.478722095489502
0.9,0.75,1.0,152,4.932918071746826
0.9,0.75,0.584146088400083,4819,6.230871200561523
0.9,0.75,0.6464194373401535,4692,6.175590991973877
0.9,0.75,0.5802169337866279,6177,7.060070991516113
0.9,0.75,0.6420786605591534,6331,7.016741037368774
0.9,0.75,0.6434216643421664,4302,6.319327116012573
0.9,0.75,0.4169050343249428,6992,7.431110143661499
0.9,0.75,0.598705501618123,4017,5.772125005722046
0.9,0.75,0.6684547499567399,5779,6.622297048568726
0.9,0.75,0.6066999814917639,5403,6.398902893066406
0.9,0.75,0.7006145741878841,4556,6.042048931121826
0.9,0.75,0.5501271340355975,5506,6.548006057739258
0.9,0.75,0.7155096660808435,4552,6.140574932098389
0.9,0.75,0.687514266149281,4381,6.0461108684539795
0.9,0.75,0.6488860325621251,4668,6.022219896316528
0.9,0.75,0.7240957966764419,4092,5.848042964935303
0.9,0.75,0.8172278093572366,2287,5.280097007751465
0.9,0.75,0.7452966714905933,4146,5.99931788444519
0.9,0.75,0.5618482271779239,6233,7.030913829803467
0.9,0.75,0.5631911532385466,5064,6.23570704460144
0.9,0.75,0.6511774600504626,4756,6.326963901519775
0.9,0.75,0.6265223274695535,5173,6.299932956695557
0.9,0.75,0.8450802512212142,2866,5.540704965591431
0.9,0.75,0.7048475371383893,2558,5.388318061828613
0.9,0.75,0.5659374361071355,4891,6.1583251953125
0.9,0.75,0.6124192059095106,4332,5.893354892730713
0.9,0.75,0.77330743618202,3604,5.693624973297119
0.9,0.75,0.5613463626492943,4605,6.063199043273926
0.9,0.75,0.5781829917702114,6197,6.920517921447754
0.9,0.75,0.5572432124549079,5267,6.5114030838012695
0.9,0.75,0.6655124653739612,5776,6.8248491287231445
0.9,0.75,0.6771813787840244,3931,5.939985036849976
0.9,0.75,0.6567283163265306,6272,7.358304023742676
0.9,0.75,0.5253810862808939,6757,7.272439956665039
0.9,0.75,0.6374845869297164,7299,7.752877950668335
0.9,0.75,0.3744475693049417,7467,7.73058009147644
0.9,0.75,0.712856794340083,4099,5.888621091842651
0.9,0.75,0.4934915773353752,7836,8.199122905731201
0.9,0.75,0.6369889186090943,5234,6.467914819717407
0.9,0.75,0.6601735434744112,5647,6.610580921173096
0.9,0.75,0.5619099001888319,7414,7.535261869430542
0.9,0.75,0.6532556908417152,1889,5.229130029678345
0.9,0.75,0.7298008267568583,5322,6.620191812515259
0.9,0.75,0.6552470958850167,5079,6.603068828582764
0.9,0.75,0.5833940276766205,6865,7.2358410358428955
0.9,0.75,0.6090004522840343,4422,5.9814231395721436
0.9,0.75,0.8028888888888889,4500,6.17623496055603
0.9,0.75,0.5741767199217477,6134,6.727447986602783
0.9,0.75,0.7210310768489521,4151,5.817663192749023
0.9,0.75,0.6514954486345904,3845,5.727001905441284
0.9,0.75,0.59878499735869,3786,5.756593942642212
0.9,0.75,0.5920360631104433,5324,6.51249098777771
0.9,0.75,0.4405125076266016,1639,5.08859395980835
0.9,0.75,0.7295360241418333,5302,6.596909046173096
0.9,0.75,0.8714748035136385,2163,5.166771173477173
0.9,0.75,0.434696261682243,8560,8.53038215637207
0.9,0.75,0.4292508917954816,9251,8.757729053497314
0.9,0.75,0.5858860023264831,2579,5.665250062942505
0.9,0.75,0.45874694873881205,6145,6.770650863647461
0.9,0.75,0.7747603833865815,626,5.015485048294067
0.9,0.75,0.6879156528791566,6165,6.916141986846924
0.9,0.75,0.6222222222222222,8280,8.643229007720947
0.9,0.75,0.6178944685189905,3923,5.867105960845947
0.9,0.75,0.6246231155778894,3980,5.7928760051727295
0.9,0.75,0.570574650183399,7361,7.481276035308838
0.9,0.75,0.6518210197710718,4805,6.189393043518066
0.9,0.75,0.5074239049740163,8082,8.034487962722778
0.9,0.75,0.7089704383282365,3924,5.946534872055054
0.9,0.75,0.6966779916949792,5298,6.308606147766113
0.9,0.75,0.7391089108910891,2020,5.25530481338501
0.9,0.75,0.691864406779661,5900,6.809736013412476
0.9,0.75,0.663769015833592,3221,5.5652289390563965
0.9,0.75,0.7259419896991054,3689,5.823852062225342
0.9,0.75,0.7268770402611534,4595,6.105515956878662
0.9,0.75,0.7117368274323947,3587,5.67759895324707
0.9,0.75,0.5686038099831203,4147,5.886631011962891
0.9,0.75,0.7342670759785112,5212,6.4560229778289795
0.9,0.75,0.5956334563345633,3252,5.706382989883423
0.9,0.75,0.8406976744186047,860,4.983752965927124
0.9,0.75,0.7057499488438715,4887,6.279827833175659
0.9,0.75,0.5458437915251735,6773,7.355802059173584
0.9,0.75,0.26105583195135434,7236,7.136996030807495
0.9,0.75,0.6432770022042615,5444,6.385051012039185
0.9,0.75,0.5763093673737564,5327,6.396065950393677
0.9,0.75,0.8363095238095238,336,4.975780010223389
0.9,0.75,0.6939571150097466,5130,6.533008098602295
0.9,0.75,0.6465961486303228,3687,5.665653944015503
0.9,0.75,0.6337606837606837,7020,7.507771015167236
0.9,0.75,0.29744418331374856,6808,7.048833847045898
0.9,0.75,0.6216650594664095,6222,7.061407804489136
0.45,0.75,0.8518518518518519,54,0.7117831707000732
0.45,0.75,0.7466666666666667,75,0.45268893241882324
0.45,0.75,0.7575757575757576,66,0.452376127243042
0.45,0.75,0.88,75,0.4291269779205322
0.45,0.75,0.9538461538461539,65,0.440093994140625
0.45,0.75,0.725,80,0.43688511848449707
0.45,0.75,0.736,125,0.4413020610809326
0.45,0.75,0.8421052631578947,19,0.4420609474182129
0.45,0.75,0.8571428571428571,56,0.4421570301055908
0.45,0.75,0.6616541353383458,133,0.4424011707305908
0.45,0.75,0.864406779661017,59,0.45100903511047363
0.45,0.75,0.7692307692307693,39,0.4355909824371338
0.45,0.75,0.7317073170731707,41,0.43369007110595703
0.45,0.75,0.7985074626865671,134,0.44225311279296875
0.45,0.75,0.9130434782608695,115,0.43355703353881836
0.45,0.75,0.6923076923076923,78,0.43120813369750977
0.45,0.75,0.7468354430379747,79,0.4311339855194092
0.45,0.75,0.6634615384615384,104,0.45455503463745117
0.45,0.75,0.8651685393258427,89,0.4411909580230713
0.45,0.75,0.6759259259259259,108,0.45406103134155273
0.45,0.75,0.8533333333333334,75,0.513498067855835
0.45,0.75,0,4,0.42075204849243164
0.45,0.75,0.7666666666666667,90,0.45620107650756836
0.45,0.75,0.8354430379746836,79,0.4527721405029297
0.45,0.75,0.7024793388429752,121,0.529221773147583
0.45,0.75,0.822429906542056,107,0.48368000984191895
0.45,0.75,0.7285714285714285,70,0.4345691204071045
0.45,0.75,0.5172413793103449,116,0.43290281295776367
0.45,0.75,0.647887323943662,71,0.43218994140625
0.45,0.75,0.8111111111111111,90,0.43724489212036133
0.45,0.75,0.73,100,0.45055699348449707
0.45,0.75,0.8354430379746836,79,0.42980194091796875
0.45,0.75,0.5625,96,0.4456629753112793
0.45,0.75,0.8831168831168831,77,0.4357450008392334
0.45,0.75,0.8904109589041096,73,0.4336879253387451
0.45,0.75,0.825,80,0.4359900951385498
0.45,0.75,0.8596491228070176,57,0.4271237850189209
0.45,0.75,0.875,32,0.42530107498168945
0.45,0.75,0.7945205479452054,73,0.4449729919433594
0.45,0.75,0.7142857142857143,105,0.4569129943847656
0.45,0.75,0.7283950617283951,81,0.5087161064147949
0.45,0.75,0.8125,80,0.4411768913269043
0.45,0.75,0.7444444444444445,90,0.43920016288757324
0.45,0.75,0.9565217391304348,46,0.46860313415527344
0.45,0.75,0.6785714285714286,28,0.47715020179748535
0.45,0.75,0.782608695652174,69,0.4666430950164795
0.45,0.75,0.6716417910447762,67,0.5337119102478027
0.45,0.75,0.8214285714285714,56,0.44317102432250977
0.45,0.75,0.6666666666666666,72,0.4574460983276367
0.45,0.75,0.6831683168316832,101,0.5136239528656006
0.45,0.75,0.6511627906976745,86,0.4703540802001953
0.45,0.75,0.851063829787234,94,0.44197702407836914
0.45,0.75,0.7727272727272727,66,0.43486690521240234
0.45,0.75,0.7876106194690266,113,0.4600830078125
0.45,0.75,0.6607142857142857,112,0.46433401107788086
0.45,0.75,0.7571428571428571,140,0.4436309337615967
0.45,0.75,0.3877551020408163,147,0.45348310470581055
0.45,0.75,0.75,72,0.4473838806152344
0.45,0.75,0.6275862068965518,145,0.44875597953796387
0.45,0.75,0.773109243697479,119,0.44701600074768066
0.45,0.75,0.6752136752136753,117,0.448199987411499
0.45,0.75,0.639344262295082,122,0.486285924911499
0.45,0.75,0.8163265306122449,49,0.45534396171569824
0.45,0.75,0.8378378378378378,111,0.46163010597229004
0.45,0.75,0.8181818181818182,77,0.4391059875488281
0.45,0.75,0.6904761904761905,126,0.4451010227203369
0.45,0.75,0.6973684210526315,76,0.4414219856262207
0.45,0.75,0.9166666666666666,72,0.46799278259277344
0.45,0.75,0.6831683168316832,101,0.4583418369293213
0.45,0.75,0.8035714285714286,56,0.4573969841003418
0.45,0.75,0.625,56,0.4453392028808594
0.45,0.75,0.7903225806451613,62,0.4316530227661133
0.45,0.75,0.7865168539325843,89,0.4746270179748535
0.45,0.75,0.2916666666666667,24,0.48033618927001953
0.45,0.75,0.6694214876033058,121,0.44803595542907715
0.45,0.75,0.84,25,0.4364027976989746
0.45,0.75,0.5522388059701493,134,0.4517018795013428
0.45,0.75,0.6274509803921569,153,0.46100592613220215
0.45,0.75,0.7457627118644068,59,0.4493858814239502
0.45,0.75,0.5652173913043478,92,0.443950891494751
0.45,0.75,0.8181818181818182,11,0.42914390563964844
0.45,0.75,0.7407407407407407,108,0.446044921875
0.45,0.75,0.7712418300653595,153,0.45167994499206543
0.45,0.75,0.7540983606557377,61,0.4758939743041992
0.45,0.75,0.7,80,0.439655065536499
0.45,0.75,0.6510067114093959,149,0.4517669677734375
0.45,0.75,0.7764705882352941,85,0.4419240951538086
0.45,0.75,0.5925925925925926,135,0.4472661018371582
0.45,0.75,0.8243243243243243,74,0.44726109504699707
0.45,0.75,0.7875,80,0.4401388168334961
0.45,0.75,0.7741935483870968,31,0.433211088180542
0.45,0.75,0.8411214953271028,107,0.45139408111572266
0.45,0.75,0.72,50,0.5024151802062988
0.45,0.75,0.8970588235294118,68,0.4417099952697754
0.45,0.75,0.7802197802197802,91,0.4543571472167969
0.45,0.75,0.7894736842105263,57,0.45087194442749023
0.45,0.75,0.7755102040816326,49,0.46711301803588867
0.45,0.75,0.8974358974358975,78,0.4554009437561035
0.45,0.75,0.6428571428571429,42,0.43509483337402344
0.45,0.75,0.7272727272727273,11,0.48500490188598633
0.45,0.75,0.7386363636363636,88,0.4755687713623047
0.45,0.75,0.6,130,0.43758296966552734
0.45,0.75,0.3051948051948052,154,0.46551513671875
0.45,0.75,0.7047619047619048,105,0.4455759525299072
0.45,0.75,0.7160493827160493,81,0.478179931640625
0.45,0.75,0.6666666666666666,6,0.4432649612426758
0.45,0.75,0.8089887640449438,89,0.4497220516204834
0.45,0.75,0.6111111111111112,54,0.4451429843902588
0.45,0.75,0.7787610619469026,113,0.44895410537719727
0.45,0.75,0.2857142857142857,126,0.45141100883483887
0.45,0.75,0.7217391304347827,115,0.46048402786254883
