1,1,0.02696629213483146,1780,4.130028009414673
1,1,0.05789909015715467,1209,2.96357798576355
1,1,0.03473389355742297,1785,3.3405420780181885
1,1,0.03814147018030513,1442,3.021595001220703
1,1,0.0371445153801509,1723,3.2409331798553467
1,1,0.031652989449003514,1706,3.184248924255371
1,1,0.03125,2240,3.6369149684906006
1,1,0.02731512325116589,1501,3.2350571155548096
1,1,0.0375,1520,3.692462921142578
1,1,0.02425876010781671,2226,3.837648868560791
1,1,0.04516129032258064,1395,3.0585110187530518
1,1,0.023822714681440444,1805,3.3403470516204834
1,1,0.029021151008362025,2033,3.494393825531006
1,1,0.03745510518214469,1949,3.5685930252075195
1,1,0.04233128834355828,1630,3.29508900642395
1,1,0.014457831325301205,1660,3.1592319011688232
1,1,0.027790228597041687,2231,3.6805858612060547
1,1,0.03548525010688328,2339,3.5645711421966553
1,1,0.05141579731743666,1342,3.1091670989990234
1,1,0.03254274682846112,1813,3.2907190322875977
1,1,0.046273745737944474,2053,3.465646982192993
1,1,0.01541733120680489,1881,3.3587379455566406
1,1,0.03898635477582846,1539,3.070966958999634
1,1,0.03305249513933895,1543,3.1947860717773438
1,1,0.04087858450274558,1639,3.289026975631714
1,1,0.042098840756558877,1639,3.09842586517334
1,1,0.047619047619047616,1638,3.2195169925689697
1,1,0.02880354505169867,1354,3.145190954208374
1,1,0.031438127090301006,1495,3.1759819984436035
1,1,0.04133738601823708,1645,3.427574872970581
1,1,0.026060606060606062,1650,3.2741479873657227
1,1,0.030442274554853533,1741,3.3185179233551025
1,1,0.0399737876802097,1526,3.2018861770629883
1,1,0.029742233972240583,1513,3.1360089778900146
1,1,0.030729166666666665,1920,3.421973943710327
1,1,0.029265599116510214,1811,3.2444589138031006
1,1,0.026217228464419477,1335,3.0099852085113525
1,1,0.02099236641221374,1048,2.9166829586029053
1,1,0.053064958828911254,1093,2.9160799980163574
1,1,0.0482611781405252,1409,3.128720998764038
1,1,0.030605455755156354,1503,3.1111409664154053
1,1,0.04487179487179487,1560,3.107269048690796
1,1,0.04451827242524917,1505,3.2224929332733154
1,1,0.04672897196261682,1391,3.138667106628418
1,1,0.01954215522054718,1791,3.3521180152893066
1,1,0.0312,1250,3.1771678924560547
1,1,0.03565640194489465,1851,3.4133169651031494
1,1,0.01353846153846154,1625,3.1316349506378174
1,1,0.02666043030869972,2138,3.481158971786499
1,1,0.025374105400130124,1537,3.2197351455688477
1,1,0.0428481411468179,1587,3.1082770824432373
1,1,0.05067350865939705,1559,3.125868082046509
1,1,0.02106318956870612,1994,3.417202949523926
1,1,0.033005211349160395,1727,3.239816904067993
1,1,0.048864418444597386,1453,2.9985079765319824
1,1,0.03559070687098369,2023,3.544991970062256
1,1,0.029085872576177285,2166,3.597844123840332
1,1,0.052920962199312714,1455,3.1505119800567627
1,1,0.037575757575757575,1650,3.303257942199707
1,1,0.05402010050251256,1592,3.1767501831054688
1,1,0.033308099924299776,1321,3.0588631629943848
1,1,0.05244252873563218,1392,3.1098580360412598
1,1,0.03627652292950034,1461,3.3328590393066406
1,1,0.05972558514931396,1239,3.023761034011841
1,1,0.0508274231678487,1692,3.1073930263519287
1,1,0.02950668510834486,2169,3.503005027770996
1,1,0.03326063249727372,1834,3.3281280994415283
1,1,0.03805774278215223,1524,3.236327886581421
1,1,0.040547656661400734,1899,3.4031200408935547
1,1,0.03227699530516432,1704,3.225092887878418
1,1,0.020355292376017766,2702,4.0272181034088135
1,1,0.025064822817631807,1157,3.019414186477661
1,1,0.05332302936630603,1294,3.069628953933716
1,1,0.022608695652173914,1725,3.4467339515686035
1,1,0.05272407732864675,1138,3.0068161487579346
1,1,0.024269167126309985,1813,3.3727550506591797
1,1,0.04108681245858184,1509,3.191585063934326
1,1,0.04423495286439449,1379,3.0376131534576416
1,1,0.04079184163167367,1667,3.3175671100616455
1,1,0.02650429799426934,1396,3.1412758827209473
1,1,0.016835016835016835,1188,2.9853570461273193
1,1,0.033917467495760314,1769,3.172449827194214
1,1,0.03714622641509434,1696,3.170198917388916
1,1,0.02989821882951654,1572,3.176254987716675
1,1,0.04695222405271829,1214,3.0707430839538574
1,1,0.05118601747815231,1602,3.2888479232788086
1,1,0.021474172954149738,1723,3.2675859928131104
1,1,0.039804041641151255,1633,3.3116040229797363
1,1,0.0377906976744186,1720,3.3621580600738525
1,1,0.02722658052607291,2167,3.6237449645996094
1,1,0.023104693140794223,1385,3.070685863494873
1,1,0.05912596401028278,1556,3.2171521186828613
1,1,0.02030456852791878,1773,3.36179518699646
1,1,0.0364963503649635,1644,3.2661831378936768
1,1,0.03778838504375497,2514,3.60067081451416
1,1,0.029926595143986448,1771,3.3509371280670166
1,1,0.02867383512544803,1395,3.187055826187134
1,1,0.05333333333333334,1875,3.304334878921509
1,1,0.01878522229179712,1597,3.222855806350708
1,1,0.01556420233463035,1799,3.296639919281006
1,1,0.039182282793867124,1761,3.3050529956817627
1,1,0.02444870565675935,2086,3.574349880218506
1,1,0.03180212014134275,849,2.8687899112701416
1,1,0.040502793296089384,1432,3.1452338695526123
1,1,0.022976316719688937,2829,3.905489921569824
1,1,0.015915119363395226,1885,3.493967056274414
1,1,0.027711797307996833,1263,3.0133299827575684
1,1,0.04438466711499664,1487,3.216459035873413
1,1,0.036877394636015325,2088,3.511492967605591
1,1,0.035050071530758224,1398,3.0904829502105713
1,1,0.026870389884088516,1898,3.3940861225128174
2,2,0.03640776699029126,824,2.5400829315185547
2,2,0.07142857142857142,560,2.496859073638916
2,2,0.02516940948693127,1033,2.6941380500793457
2,2,0.024861878453038673,724,2.6374759674072266
2,2,0.02625,800,2.6385369300842285
2,2,0.03238341968911917,772,2.5458879470825195
2,2,0.027418126428027417,1313,2.7778987884521484
2,2,0.020713463751438434,869,2.6137959957122803
2,2,0.037484885126964934,827,2.6434288024902344
2,2,0.018565400843881856,1185,2.8041350841522217
2,2,0.049062049062049064,693,2.480073928833008
2,2,0.020994475138121547,905,2.691725015640259
2,2,0.03317972350230415,1085,2.6780929565429688
2,2,0.05561861520998865,881,2.621544122695923
2,2,0.04180790960451977,885,2.674595832824707
2,2,0.003740648379052369,802,2.5511538982391357
2,2,0.027124773960216998,1106,2.778964042663574
2,2,0.044575273338940284,1189,2.675662040710449
2,2,0.05621301775147929,676,2.497169017791748
2,2,0.03885480572597137,978,2.5798919200897217
2,2,0.04264577893820714,1149,2.6699490547180176
2,2,0.015080113100848256,1061,2.6726300716400146
2,2,0.034578146611341634,723,2.5181519985198975
2,2,0.03961584633853541,833,2.6612911224365234
2,2,0.052486187845303865,724,2.791379928588867
2,2,0.044136191677175286,793,2.65903902053833
2,2,0.06279069767441861,860,2.7220921516418457
2,2,0.018651362984218076,697,2.615360975265503
2,2,0.052489905787348586,743,2.666395902633667
2,2,0.0389937106918239,795,2.801666021347046
2,2,0.0196319018404908,815,2.5626471042633057
2,2,0.017738359201773836,902,2.7639150619506836
2,2,0.031446540880503145,795,2.54354190826416
2,2,0.020604395604395604,728,2.641982078552246
2,2,0.04266389177939646,961,2.622520923614502
2,2,0.023894862604540025,837,2.5904769897460938
2,2,0.024456521739130436,736,2.5665459632873535
2,2,0.0326530612244898,490,2.507211208343506
2,2,0.045454545454545456,528,2.5645580291748047
2,2,0.04483695652173913,736,2.619379997253418
2,2,0.032552083333333336,768,2.5457730293273926
2,2,0.04633204633204633,777,2.6633899211883545
2,2,0.03333333333333333,840,2.674623966217041
2,2,0.05373134328358209,670,2.5310380458831787
2,2,0.02669902912621359,824,2.560760974884033
2,2,0.02348993288590604,596,2.5539159774780273
2,2,0.028028028028028028,999,2.8204071521759033
2,2,0.009575923392612859,731,2.6099369525909424
2,2,0.03722334004024145,994,2.688722848892212
2,2,0.02195121951219512,820,2.638442039489746
2,2,0.031287605294825514,831,2.60138201713562
2,2,0.0547945205479452,730,2.699985980987549
2,2,0.019978969505783387,951,2.7117738723754883
2,2,0.03268765133171913,826,2.5740439891815186
2,2,0.047106325706594884,743,2.539091110229492
2,2,0.03076923076923077,1170,2.732583999633789
2,2,0.02348993288590604,1192,2.761808156967163
2,2,0.0766016713091922,718,2.5934929847717285
2,2,0.025755879059350503,893,2.766524076461792
2,2,0.06561360874848117,823,2.533406972885132
2,2,0.052316890881913304,669,2.524168014526367
2,2,0.05242463958060288,763,2.567467212677002
2,2,0.03790849673202614,765,2.5315020084381104
2,2,0.08333333333333333,576,2.5446507930755615
2,2,0.05569620253164557,790,2.636216878890991
2,2,0.021686746987951807,1245,2.786699056625366
2,2,0.033707865168539325,979,2.785491943359375
2,2,0.04638472032742155,733,2.652928113937378
2,2,0.04938271604938271,972,2.6838369369506836
2,2,0.022565320665083134,842,2.685060977935791
2,2,0.020777479892761394,1492,2.86464786529541
2,2,0.03177257525083612,598,2.6067821979522705
2,2,0.04755043227665706,694,2.582041025161743
2,2,0.03067484662576687,815,2.7729668617248535
2,2,0.04918032786885246,488,2.512801170349121
2,2,0.005970149253731343,1005,2.7193830013275146
2,2,0.025191675794085433,913,2.6780190467834473
2,2,0.045317220543806644,662,2.5584709644317627
2,2,0.04555808656036447,878,2.6353530883789062
2,2,0.03473227206946455,691,2.6595749855041504
2,2,0.039647577092511016,681,2.6662769317626953
2,2,0.04363207547169811,848,2.61655592918396
2,2,0.03529411764705882,850,2.5951499938964844
2,2,0.024725274725274724,728,2.676819086074829
2,2,0.04409171075837742,567,2.530078887939453
2,2,0.05034324942791762,874,2.577111005783081
2,2,0.024110218140068886,871,2.5778250694274902
2,2,0.020169851380042462,942,2.6686320304870605
2,2,0.04008438818565401,948,2.669886827468872
2,2,0.0270042194092827,1185,2.7533180713653564
2,2,0.033707865168539325,623,2.5589890480041504
2,2,0.059782608695652176,736,2.6315619945526123
2,2,0.020674646354733407,919,2.6463358402252197
2,2,0.0457280385078219,831,2.6356849670410156
2,2,0.04025256511444357,1267,2.8021771907806396
2,2,0.03909465020576132,972,2.6949429512023926
2,2,0.03890489913544669,694,2.601155996322632
2,2,0.07692307692307693,819,2.7436330318450928
2,2,0.024484536082474227,776,2.5746500492095947
2,2,0.007575757575757576,924,2.6729471683502197
2,2,0.02922077922077922,924,2.6616878509521484
2,2,0.02750190985485103,1309,2.8810791969299316
2,2,0.03761755485893417,319,2.459644079208374
2,2,0.047954866008462625,709,2.524846076965332
2,2,0.02220680083275503,1441,2.8653109073638916
2,2,0.017241379310344827,928,2.697542905807495
2,2,0.021153846153846155,520,2.5246639251708984
2,2,0.03492884864165589,773,2.6219589710235596
2,2,0.025889967637540454,1236,2.7715539932250977
2,2,0.01585014409221902,694,2.7359180450439453
2,2,0.027600849256900213,942,2.6740200519561768
3,3,0.03717472118959108,538,2.464468002319336
3,3,0.07417582417582418,364,2.4111130237579346
3,3,0.012558869701726845,637,2.467721939086914
3,3,0.055674518201284794,467,2.4463748931884766
3,3,0.023809523809523808,546,2.58003306388855
3,3,0.020522388059701493,536,2.47719407081604
3,3,0.028969957081545063,932,2.655900001525879
3,3,0.016333938294010888,551,2.4723260402679443
3,3,0.03163444639718805,569,2.4624149799346924
3,3,0.01444043321299639,831,2.7487380504608154
3,3,0.0650759219088937,461,2.470958948135376
3,3,0.02861952861952862,594,2.482465982437134
3,3,0.020491803278688523,732,2.610982894897461
3,3,0.03767123287671233,584,2.510903835296631
3,3,0.026936026936026935,594,2.497196912765503
3,3,0.024793388429752067,484,2.520833969116211
3,3,0.03651685393258427,712,2.5623059272766113
3,3,0.042746113989637305,772,2.528373956680298
3,3,0.04103671706263499,463,2.452765941619873
3,3,0.025477707006369428,628,2.5673680305480957
3,3,0.040106951871657755,748,2.579108953475952
3,3,0.02097902097902098,715,2.5600287914276123
3,3,0.034782608695652174,460,2.425945997238159
3,3,0.02666666666666667,600,2.4942080974578857
3,3,0.06839622641509434,424,2.5471620559692383
3,3,0.035196687370600416,483,2.4567439556121826
3,3,0.05719237435008666,577,2.460742950439453
3,3,0.019148936170212766,470,2.408673048019409
3,3,0.036608863198458574,519,2.5381500720977783
3,3,0.04854368932038835,515,2.5944809913635254
3,3,0.03667953667953668,518,2.50543212890625
3,3,0.04281345565749235,654,2.459453821182251
3,3,0.01717557251908397,524,2.4754080772399902
3,3,0.02553191489361702,470,2.4502530097961426
3,3,0.05098684210526316,608,2.5863189697265625
3,3,0.030965391621129327,549,2.502855062484741
3,3,0.02631578947368421,494,2.5365209579467773
3,3,0.04054054054054054,370,2.525521993637085
3,3,0.04371584699453552,366,2.409653902053833
3,3,0.04535637149028078,463,2.459929943084717
3,3,0.017475728155339806,515,2.5400850772857666
3,3,0.03696498054474708,514,2.4495108127593994
3,3,0.023333333333333334,600,2.518324136734009
3,3,0.0610079575596817,377,2.5100150108337402
3,3,0.022263450834879406,539,2.4459550380706787
3,3,0.031746031746031744,441,2.4260101318359375
3,3,0.037257824143070044,671,2.6401281356811523
3,3,0.014799154334038054,473,2.50923490524292
3,3,0.036418816388467376,659,2.5372250080108643
3,3,0.035580524344569285,534,2.4581100940704346
3,3,0.03428571428571429,525,2.428586006164551
3,3,0.0513347022587269,487,2.514753818511963
3,3,0.016363636363636365,550,2.5888800621032715
3,3,0.03932584269662921,534,2.481837034225464
3,3,0.05058365758754864,514,2.5110161304473877
3,3,0.012360939431396786,809,2.6030240058898926
3,3,0.02313624678663239,778,2.6129820346832275
3,3,0.08349900596421471,503,2.5626070499420166
3,3,0.023688663282571912,591,2.5922691822052
3,3,0.07238095238095238,525,2.5324270725250244
3,3,0.04295942720763723,419,2.491908073425293
3,3,0.06012024048096192,499,2.664731025695801
3,3,0.0299625468164794,534,2.8031749725341797
3,3,0.0835509138381201,383,2.6399149894714355
3,3,0.04927007299270073,548,2.6085050106048584
3,3,0.018050541516245487,831,2.6770639419555664
3,3,0.036395147313691506,577,2.624547004699707
3,3,0.06526315789473684,475,2.5412020683288574
3,3,0.041401273885350316,628,2.4776320457458496
3,3,0.015,600,2.5918850898742676
3,3,0.019853709508881923,957,2.644069194793701
3,3,0.0379746835443038,395,2.4033548831939697
3,3,0.04421052631578947,475,2.493582010269165
3,3,0.015444015444015444,518,2.5069949626922607
3,3,0.045454545454545456,308,2.4188778400421143
3,3,0.01608187134502924,684,2.5873379707336426
3,3,0.01740506329113924,632,2.689211845397949
3,3,0.07600950118764846,421,2.553774118423462
3,3,0.04788213627992634,543,2.55297589302063
3,3,0.021321961620469083,469,2.5160958766937256
3,3,0.006382978723404255,470,2.4531090259552
3,3,0.04070796460176991,565,2.7077369689941406
3,3,0.03220338983050847,590,2.4709839820861816
3,3,0.01160541586073501,517,2.483319044113159
3,3,0.04941860465116279,344,2.467290163040161
3,3,0.06462585034013606,588,2.5331430435180664
3,3,0.01948051948051948,616,2.4881699085235596
3,3,0.027820710973724884,647,2.517333984375
3,3,0.05216095380029806,671,2.533123016357422
3,3,0.02781136638452237,827,2.5670950412750244
3,3,0.03614457831325301,415,2.439526081085205
3,3,0.08281573498964803,483,2.493427038192749
3,3,0.01694915254237288,590,2.5348219871520996
3,3,0.05090909090909091,550,2.5100059509277344
3,3,0.04234122042341221,803,2.6413581371307373
3,3,0.03443328550932568,697,2.522359848022461
3,3,0.021645021645021644,462,2.43992280960083
3,3,0.08617234468937876,499,2.4832139015197754
3,3,0.018072289156626505,498,2.4991559982299805
3,3,0.011272141706924315,621,2.5298449993133545
3,3,0.021739130434782608,552,2.4506170749664307
3,3,0.026845637583892617,894,2.6575539112091064
3,3,0.026785714285714284,224,2.465574026107788
3,3,0.07589285714285714,448,2.4695889949798584
3,3,0.026875699888017916,893,2.564149856567383
3,3,0.006644518272425249,602,2.5090489387512207
3,3,0.006600660066006601,303,2.484092950820923
3,3,0.03815261044176707,498,2.509795904159546
3,3,0.022598870056497175,885,2.550595998764038
3,3,0.004662004662004662,429,2.5784990787506104
3,3,0.012704174228675136,551,2.4834539890289307
4,4,0.024390243902439025,410,2.418239116668701
4,4,0.07865168539325842,267,2.3979649543762207
4,4,0.022448979591836733,490,2.547240972518921
4,4,0.037383177570093455,321,2.3855268955230713
4,4,0.022113022113022112,407,2.511741876602173
4,4,0.007751937984496124,387,2.525662899017334
4,4,0.022535211267605635,710,2.50622296333313
4,4,0.028795811518324606,382,2.447115182876587
4,4,0.03051643192488263,426,2.4237148761749268
4,4,0.02385008517887564,587,2.495500087738037
4,4,0.05325443786982249,338,2.4270079135894775
4,4,0.0234192037470726,427,2.434441089630127
4,4,0.03640256959314775,467,2.4962759017944336
4,4,0.03125,416,2.4885900020599365
4,4,0.026128266033254157,421,2.4217848777770996
4,4,0.02977667493796526,403,2.468964099884033
4,4,0.03696098562628337,487,2.5032079219818115
4,4,0.047058823529411764,510,2.468524932861328
4,4,0.050473186119873815,317,2.4944260120391846
4,4,0.029106029106029108,481,2.4582691192626953
4,4,0.030874785591766724,583,2.4774301052093506
4,4,0.012422360248447204,483,2.5432159900665283
4,4,0.04804804804804805,333,2.357887029647827
4,4,0.0365296803652968,438,2.5655460357666016
4,4,0.09037900874635568,343,2.435307025909424
4,4,0.055401662049861494,361,2.447922945022583
4,4,0.0392156862745098,408,2.41131591796875
4,4,0.020172910662824207,347,2.490273952484131
4,4,0.05737704918032787,366,2.4457321166992188
4,4,0.053475935828877004,374,2.5315468311309814
4,4,0.016172506738544475,371,2.526663064956665
4,4,0.04375,480,2.4162700176239014
4,4,0.01278772378516624,391,2.376728057861328
4,4,0.019867549668874173,302,2.426314115524292
4,4,0.04017857142857143,448,2.503298044204712
4,4,0.026252983293556086,419,2.473180055618286
4,4,0.02185792349726776,366,2.4332499504089355
4,4,0.027210884353741496,294,2.454850912094116
4,4,0.0398406374501992,251,2.4917309284210205
4,4,0.05970149253731343,335,2.5472018718719482
4,4,0.036312849162011177,358,2.4644570350646973
4,4,0.06702412868632708,373,2.3802788257598877
4,4,0.03201970443349754,406,2.4408340454101562
4,4,0.058823529411764705,306,2.4047069549560547
4,4,0.024128686327077747,373,2.451504945755005
4,4,0.023026315789473683,304,2.3859469890594482
4,4,0.05416666666666667,480,2.4455108642578125
4,4,0.005633802816901409,355,2.5232200622558594
4,4,0.03206412825651302,499,2.455273151397705
4,4,0.04632152588555858,367,2.4503750801086426
4,4,0.02295918367346939,392,2.410421133041382
4,4,0.07964601769911504,339,2.3969640731811523
4,4,0.002777777777777778,360,2.442575216293335
4,4,0.02557544757033248,391,2.454456090927124
4,4,0.052256532066508314,421,2.4345359802246094
4,4,0.011299435028248588,531,2.447330951690674
4,4,0.022364217252396165,626,2.650942087173462
4,4,0.06685236768802229,359,2.410088062286377
4,4,0.026378896882494004,417,2.4102540016174316
4,4,0.0547945205479452,365,2.417362928390503
4,4,0.02142857142857143,280,2.4096341133117676
4,4,0.06631299734748011,377,2.4437501430511475
4,4,0.0436046511627907,344,2.4430859088897705
4,4,0.09448818897637795,254,2.4423539638519287
4,4,0.050397877984084884,377,2.4465250968933105
4,4,0.025356576862123614,631,2.5858709812164307
4,4,0.04504504504504504,444,2.5286970138549805
4,4,0.05571847507331378,341,2.4921061992645264
4,4,0.03982300884955752,452,2.4478790760040283
4,4,0.023554603854389723,467,2.504016160964966
4,4,0.021520803443328552,697,2.585829019546509
4,4,0.010309278350515464,291,2.4672420024871826
4,4,0.05063291139240506,316,2.432608127593994
4,4,0.031088082901554404,386,2.458325147628784
4,4,0.05263157894736842,247,2.35369610786438
4,4,0.02091254752851711,526,2.4628000259399414
4,4,0.027139874739039668,479,2.474641799926758
4,4,0.038922155688622756,334,2.4776830673217773
4,4,0.04415584415584416,385,2.3755719661712646
4,4,0.008695652173913044,345,2.5325610637664795
4,4,0.035483870967741936,310,2.4698081016540527
4,4,0.03667481662591687,409,2.468737840652466
4,4,0.029748283752860413,437,2.486299991607666
4,4,0.013623978201634877,367,2.462402105331421
4,4,0.05416666666666667,240,2.5895519256591797
4,4,0.07592190889370933,461,2.5045371055603027
4,4,0.037694013303769404,451,2.5178329944610596
4,4,0.03253796095444685,461,2.4983890056610107
4,4,0.022916666666666665,480,2.4727060794830322
4,4,0.023333333333333334,600,2.667595148086548
4,4,0.034013605442176874,294,2.4849660396575928
4,4,0.07396449704142012,338,2.457864999771118
4,4,0.020224719101123594,445,2.5481789112091064
4,4,0.04941176470588235,425,2.432252883911133
4,4,0.035897435897435895,585,2.5821168422698975
4,4,0.027613412228796843,507,2.5341200828552246
4,4,0.014705882352941176,340,2.491881847381592
4,4,0.121875,320,2.423137903213501
4,4,0.021798365122615803,367,2.4799230098724365
4,4,0.011363636363636364,440,2.4674742221832275
4,4,0.0316622691292876,379,2.4940309524536133
4,4,0.025196850393700787,635,2.5251758098602295
4,4,0.01910828025477707,157,2.419667959213257
4,4,0.04709141274238227,361,2.45456600189209
4,4,0.015313935681470138,653,2.5461618900299072
4,4,0.023109243697478993,476,2.4927399158477783
4,4,0.008658008658008658,231,2.4305248260498047
4,4,0.04087193460490463,367,2.4409499168395996
4,4,0.02768729641693811,614,2.503471851348877
4,4,0.0029069767441860465,344,2.4418509006500244
4,4,0.013054830287206266,383,2.474241018295288
5,5,0.029239766081871343,342,2.497412919998169
5,5,0.0707070707070707,198,2.4079320430755615
5,5,0.027472527472527472,364,2.430114984512329
5,5,0.03484320557491289,287,2.444485902786255
5,5,0.02903225806451613,310,2.40885591506958
5,5,0.02564102564102564,312,2.522588014602661
5,5,0.02448210922787194,531,2.517815113067627
5,5,0.03761755485893417,319,2.5266189575195312
5,5,0.030864197530864196,324,2.4083330631256104
5,5,0.0379746835443038,474,2.6227309703826904
5,5,0.045627376425855515,263,2.467167854309082
5,5,0.025936599423631124,347,2.4402379989624023
5,5,0.03674540682414698,381,2.4471898078918457
5,5,0.01875,320,2.4934659004211426
5,5,0.03367003367003367,297,2.4320740699768066
5,5,0.016556291390728478,302,2.4167778491973877
5,5,0.02843601895734597,422,2.428241014480591
5,5,0.05249343832020997,381,2.447075843811035
5,5,0.05394190871369295,241,2.442243814468384
5,5,0.0327455919395466,397,2.42980694770813
5,5,0.046255506607929514,454,2.475311040878296
5,5,0.025252525252525252,396,2.530236005783081
5,5,0.052830188679245285,265,2.4983768463134766
5,5,0.022922636103151862,349,2.4305098056793213
5,5,0.08960573476702509,279,2.377012014389038
5,5,0.0449438202247191,267,2.3706350326538086
5,5,0.03484320557491289,287,2.3816189765930176
5,5,0.013333333333333334,300,2.370091199874878
5,5,0.07246376811594203,276,2.390697956085205
5,5,0.02631578947368421,266,2.4481749534606934
5,5,0.010309278350515464,291,2.4069581031799316
5,5,0.03015075376884422,398,2.4820499420166016
5,5,0.009345794392523364,321,2.4593851566314697
5,5,0.02100840336134454,238,2.4596571922302246
5,5,0.047619047619047616,315,2.4328880310058594
5,5,0.023668639053254437,338,2.4427549839019775
5,5,0.02867383512544803,279,2.47920298576355
5,5,0.029914529914529916,234,2.3958890438079834
5,5,0.026455026455026454,189,2.3965868949890137
5,5,0.06276150627615062,239,2.421717882156372
5,5,0.02912621359223301,309,2.505105972290039
5,5,0.046052631578947366,304,2.4417850971221924
5,5,0.027247956403269755,367,2.4213058948516846
5,5,0.061068702290076333,262,2.4478960037231445
5,5,0.010309278350515464,291,2.443145990371704
5,5,0.03861003861003861,259,2.3882439136505127
5,5,0.0427807486631016,374,2.6434669494628906
5,5,0.01079136690647482,278,2.4064571857452393
5,5,0.04747774480712166,337,2.419053077697754
5,5,0.033783783783783786,296,2.523827075958252
5,5,0.013422818791946308,298,2.3948287963867188
5,5,0.07575757575757576,264,2.379140853881836
5,5,0.01858736059479554,269,2.4512569904327393
5,5,0.061764705882352944,340,2.4620230197906494
5,5,0.06865671641791045,335,2.3803420066833496
5,5,0.023809523809523808,420,2.402653932571411
5,5,0.012474012474012475,481,2.5464529991149902
5,5,0.05791505791505792,259,2.421293020248413
5,5,0.0345821325648415,347,2.56174898147583
5,5,0.06944444444444445,288,2.3838870525360107
5,5,0.03211009174311927,218,2.439966917037964
5,5,0.02867383512544803,279,2.46058988571167
5,5,0.04225352112676056,284,2.4242539405822754
5,5,0.07692307692307693,195,2.4233880043029785
5,5,0.050793650793650794,315,2.5679590702056885
5,5,0.018867924528301886,477,2.671855926513672
5,5,0.03333333333333333,330,2.412137985229492
5,5,0.07782101167315175,257,2.3749518394470215
5,5,0.04,375,2.351241111755371
5,5,0.02452316076294278,367,2.4180800914764404
5,5,0.01971326164874552,558,2.5650599002838135
5,5,0.017391304347826087,230,2.3798718452453613
5,5,0.06,250,2.423185110092163
5,5,0.03793103448275862,290,2.385751962661743
5,5,0.029585798816568046,169,2.3786730766296387
5,5,0.014634146341463415,410,2.463809013366699
5,5,0.03581267217630854,363,2.4735219478607178
5,5,0.03418803418803419,234,2.3774819374084473
5,5,0.050505050505050504,297,2.4069430828094482
5,5,0.023728813559322035,295,2.464437961578369
5,5,0.042105263157894736,285,2.488893985748291
5,5,0.037037037037037035,297,2.466075897216797
5,5,0.04046242774566474,346,2.4832589626312256
5,5,0.03260869565217391,276,2.4356729984283447
5,5,0.05670103092783505,194,2.3721041679382324
5,5,0.06976744186046512,344,2.429002046585083
5,5,0.03076923076923077,325,2.4430270195007324
5,5,0.029649595687331536,371,2.4796531200408936
5,5,0.03807106598984772,394,2.419945001602173
5,5,0.0225,400,2.448978900909424
5,5,0.034482758620689655,232,2.459627866744995
5,5,0.07746478873239436,284,2.4383950233459473
5,5,0.02654867256637168,339,2.4107348918914795
5,5,0.07471264367816093,348,2.454040050506592
5,5,0.023752969121140142,421,2.4336960315704346
5,5,0.03209876543209877,405,2.51567006111145
5,5,0.022058823529411766,272,2.522351026535034
5,5,0.14150943396226415,212,2.377622127532959
5,5,0.012903225806451613,310,2.437649965286255
5,5,0.00821917808219178,365,2.423703908920288
5,5,0.022727272727272728,308,2.4256999492645264
5,5,0.020202020202020204,495,2.5251998901367188
5,5,0.024793388429752067,121,2.384722948074341
5,5,0.057692307692307696,260,2.394184112548828
5,5,0.022,500,2.5208511352539062
5,5,0.008403361344537815,357,2.4306371212005615
5,5,0.010526315789473684,190,2.411764144897461
5,5,0.03508771929824561,285,2.44950795173645
5,5,0.02553191489361702,470,2.483659029006958
5,5,0.011363636363636364,264,2.3958780765533447
5,5,0.0176678445229682,283,2.432248115539551
6,6,0.036290322580645164,248,2.398230791091919
6,6,0.10365853658536585,164,2.3957791328430176
6,6,0.032490974729241874,277,2.5221240520477295
6,6,0.06046511627906977,215,2.4268910884857178
6,6,0.033707865168539325,267,2.4335079193115234
6,6,0.012096774193548387,248,2.4511921405792236
6,6,0.03800475059382423,421,2.561816930770874
6,6,0.029411764705882353,272,2.426203966140747
6,6,0.03375527426160337,237,2.459641933441162
6,6,0.034482758620689655,348,2.484128952026367
6,6,0.050505050505050504,198,2.367751121520996
6,6,0.026119402985074626,268,2.411741018295288
6,6,0.04428044280442804,271,2.424968957901001
6,6,0.0038461538461538464,260,2.403604030609131
6,6,0.035398230088495575,226,2.4286398887634277
6,6,0.02100840336134454,238,2.4402270317077637
6,6,0.04,325,2.44163179397583
6,6,0.033210332103321034,271,2.424161911010742
6,6,0.05581395348837209,215,2.4411158561706543
6,6,0.018404907975460124,326,2.4743399620056152
6,6,0.01856763925729443,377,2.4924769401550293
6,6,0.029940119760479042,334,2.426187038421631
6,6,0.020202020202020204,198,2.39876389503479
6,6,0.024390243902439025,287,2.4841701984405518
6,6,0.08482142857142858,224,2.421236991882324
6,6,0.07112970711297072,239,2.3441050052642822
6,6,0.038461538461538464,234,2.370737075805664
6,6,0.013953488372093023,215,2.3627679347991943
6,6,0.056338028169014086,213,2.4443368911743164
6,6,0.047619047619047616,210,2.4085798263549805
6,6,0.00425531914893617,235,2.4131920337677
6,6,0.03768115942028986,345,2.453174114227295
6,6,0.014035087719298246,285,2.3751628398895264
6,6,0.0106951871657754,187,2.3590750694274902
6,6,0.05078125,256,2.380919933319092
6,6,0.024305555555555556,288,2.432450771331787
6,6,0.022123893805309734,226,2.4370810985565186
6,6,0.02197802197802198,182,2.4120538234710693
6,6,0.0196078431372549,153,2.4145209789276123
6,6,0.07657657657657657,222,2.4516429901123047
6,6,0.024096385542168676,249,2.3807528018951416
6,6,0.029787234042553193,235,2.4390759468078613
6,6,0.02622950819672131,305,2.3919570446014404
6,6,0.05555555555555555,198,2.4242100715637207
6,6,0.004784688995215311,209,2.4549849033355713
6,6,0.046296296296296294,216,2.350101947784424
6,6,0.039285714285714285,280,2.3993301391601562
6,6,0.004608294930875576,217,2.3938140869140625
6,6,0.040145985401459854,274,2.4477858543395996
6,6,0.0391304347826087,230,2.402230978012085
6,6,0.040983606557377046,244,2.382504940032959
6,6,0.04455445544554455,202,2.3030731678009033
6,6,0.004149377593360996,241,2.481084108352661
6,6,0.08745247148288973,263,2.5354368686676025
6,6,0.0642570281124498,249,2.4076550006866455
6,6,0.03225806451612903,341,2.466252088546753
6,6,0.008,375,2.4266819953918457
6,6,0.07488986784140969,227,2.4134058952331543
6,6,0.046357615894039736,302,2.418771982192993
6,6,0.08620689655172414,232,2.449436902999878
6,6,0.03910614525139665,179,2.381302833557129
6,6,0.017094017094017096,234,2.336700916290283
6,6,0.049107142857142856,224,2.3712868690490723
6,6,0.0958904109589041,146,2.387929916381836
6,6,0.04017857142857143,224,2.4182868003845215
6,6,0.013192612137203167,379,2.4257421493530273
6,6,0.03557312252964427,253,2.384251117706299
6,6,0.0593607305936073,219,2.4035050868988037
6,6,0.04713804713804714,297,2.4280059337615967
6,6,0.03691275167785235,298,2.3700661659240723
6,6,0.018691588785046728,428,2.5820889472961426
6,6,0.006756756756756757,148,2.440707206726074
6,6,0.053475935828877004,187,2.41184401512146
6,6,0.04017857142857143,224,2.3855741024017334
6,6,0.0234375,128,2.410123109817505
6,6,0.008695652173913044,345,2.4616949558258057
6,6,0.02112676056338028,284,2.504081964492798
6,6,0.010582010582010581,189,2.4480249881744385
6,6,0.05240174672489083,229,2.42043399810791
6,6,0.03125,224,2.545670986175537
6,6,0.017241379310344827,232,2.429184913635254
6,6,0.02074688796680498,241,2.389543056488037
6,6,0.032490974729241874,277,2.4110498428344727
6,6,0.0,238,2.3568758964538574
6,6,0.07006369426751592,157,2.367111921310425
6,6,0.06181818181818182,275,2.4515631198883057
6,6,0.028368794326241134,282,2.3930160999298096
6,6,0.026217228464419477,267,2.435436964035034
6,6,0.020202020202020204,297,2.4402780532836914
6,6,0.033950617283950615,324,2.484156847000122
6,6,0.03571428571428571,196,2.41776180267334
6,6,0.1111111111111111,225,2.368864059448242
6,6,0.04814814814814815,270,2.4482200145721436
6,6,0.0528169014084507,284,2.4107980728149414
6,6,0.013114754098360656,305,2.5026838779449463
6,6,0.03188405797101449,345,2.420768976211548
6,6,0.02586206896551724,232,2.4102389812469482
6,6,0.1301775147928994,169,2.383241891860962
6,6,0.027237354085603113,257,2.414128065109253
6,6,0.006734006734006734,297,2.5023081302642822
6,6,0.03111111111111111,225,2.4087960720062256
6,6,0.03804347826086957,368,2.541975975036621
6,6,0.030612244897959183,98,2.4116129875183105
6,6,0.046948356807511735,213,2.4822158813476562
6,6,0.024456521739130436,368,2.4820339679718018
6,6,0.027491408934707903,291,2.399540901184082
6,6,0.005747126436781609,174,2.3252360820770264
6,6,0.0625,224,2.3559799194335938
6,6,0.02702702702702703,370,2.4818899631500244
6,6,0.014634146341463415,205,2.4013218879699707
6,6,0.023809523809523808,252,2.4350638389587402
7,7,0.018018018018018018,222,2.4215760231018066
7,7,0.08888888888888889,135,2.400753974914551
7,7,0.03587443946188341,223,2.366123914718628
7,7,0.03208556149732621,187,2.303896903991699
7,7,0.041666666666666664,216,2.335376024246216
7,7,0.03225806451612903,186,2.2913401126861572
7,7,0.02258064516129032,310,2.4358530044555664
7,7,0.05172413793103448,232,2.4134268760681152
7,7,0.02577319587628866,194,2.3590590953826904
7,7,0.025735294117647058,272,2.4170219898223877
7,7,0.03333333333333333,180,2.4113550186157227
7,7,0.028985507246376812,207,2.3856699466705322
7,7,0.04932735426008968,223,2.458251953125
7,7,0.012605042016806723,238,2.3919780254364014
7,7,0.03535353535353535,198,2.475329875946045
7,7,0.021739130434782608,184,2.508449077606201
7,7,0.030418250950570342,263,2.444788932800293
7,7,0.03365384615384615,208,2.3571879863739014
7,7,0.04790419161676647,167,2.4916999340057373
7,7,0.030612244897959183,294,2.5549631118774414
7,7,0.028938906752411574,311,2.428567886352539
7,7,0.01652892561983471,242,2.410707950592041
7,7,0.006024096385542169,166,2.403442859649658
7,7,0.016194331983805668,247,2.3549299240112305
7,7,0.125,168,2.475170850753784
7,7,0.0582010582010582,189,2.3369619846343994
7,7,0.05102040816326531,196,2.3341500759124756
7,7,0.01675977653631285,179,2.464404821395874
7,7,0.08292682926829269,205,2.3507750034332275
7,7,0.030303030303030304,165,2.447221040725708
7,7,0.005555555555555556,180,2.457907199859619
7,7,0.037037037037037035,270,2.441527843475342
7,7,0.01,200,2.452087163925171
7,7,0.006329113924050633,158,2.3420557975769043
7,7,0.04739336492890995,211,2.3945610523223877
7,7,0.0196078431372549,255,2.365312099456787
7,7,0.015,200,2.3766589164733887
7,7,0.02040816326530612,147,2.5042598247528076
7,7,0.04225352112676056,142,2.3220810890197754
7,7,0.08629441624365482,197,2.369731903076172
7,7,0.0048543689320388345,206,2.3697919845581055
7,7,0.042328042328042326,189,2.463282823562622
7,7,0.045454545454545456,242,2.441922903060913
7,7,0.08917197452229299,157,2.362950086593628
7,7,0.0,192,2.347745180130005
7,7,0.04519774011299435,177,2.3231329917907715
7,7,0.0502092050209205,239,2.3411319255828857
7,7,0.0055248618784530384,181,2.389801025390625
7,7,0.04,225,2.4465441703796387
7,7,0.03783783783783784,185,2.41109299659729
7,7,0.03614457831325301,166,2.3353569507598877
7,7,0.046875,192,2.450139045715332
7,7,0.02127659574468085,188,2.3855888843536377
7,7,0.1059322033898305,236,2.428471088409424
7,7,0.07211538461538461,208,2.4552721977233887
7,7,0.0398406374501992,251,2.4067840576171875
7,7,0.009316770186335404,322,2.464824914932251
7,7,0.06310679611650485,206,2.4662208557128906
7,7,0.03375527426160337,237,2.426328182220459
7,7,0.04784688995215311,209,2.383988857269287
7,7,0.035211267605633804,142,2.4409079551696777
7,7,0.028985507246376812,207,2.5068860054016113
7,7,0.07344632768361582,177,2.485687017440796
7,7,0.1016949152542373,118,2.4446699619293213
7,7,0.05670103092783505,194,2.5398170948028564
7,7,0.01904761904761905,315,2.42181396484375
7,7,0.05116279069767442,215,2.4537949562072754
7,7,0.08040201005025126,199,2.3845200538635254
7,7,0.026717557251908396,262,2.369363784790039
7,7,0.025974025974025976,231,2.4444358348846436
7,7,0.03409090909090909,352,2.4373490810394287
7,7,0.0364963503649635,137,2.357646942138672
7,7,0.04294478527607362,163,2.388216972351074
7,7,0.05113636363636364,176,2.3754489421844482
7,7,0.03125,96,2.3361690044403076
7,7,0.007220216606498195,277,2.4663360118865967
7,7,0.02074688796680498,241,2.4787650108337402
7,7,0.058823529411764705,153,2.484711170196533
7,7,0.04838709677419355,186,2.379161834716797
7,7,0.023809523809523808,168,2.500256061553955
7,7,0.0106951871657754,187,2.5917530059814453
7,7,0.020100502512562814,199,2.4646129608154297
7,7,0.029411764705882353,238,2.4459738731384277
7,7,0.0,186,2.3816978931427
7,7,0.06338028169014084,142,2.376316785812378
7,7,0.061224489795918366,245,2.483042001724243
7,7,0.02553191489361702,235,2.435896158218384
7,7,0.019762845849802372,253,2.405864953994751
7,7,0.017241379310344827,232,2.376204013824463
7,7,0.05106382978723404,235,2.504031181335449
7,7,0.027777777777777776,144,2.365630865097046
7,7,0.125,168,2.3235890865325928
7,7,0.01932367149758454,207,2.4692490100860596
7,7,0.05909090909090909,220,2.4301040172576904
7,7,0.035842293906810034,279,2.390484094619751
7,7,0.039285714285714285,280,2.393622875213623
7,7,0.03225806451612903,186,2.4228010177612305
7,7,0.16666666666666666,168,2.369508981704712
7,7,0.0273972602739726,219,2.419142007827759
7,7,0.016736401673640166,239,2.4432621002197266
7,7,0.015151515151515152,198,2.3519160747528076
7,7,0.035398230088495575,339,2.45890212059021
7,7,0.03260869565217391,92,2.44714093208313
7,7,0.0670391061452514,179,2.3930909633636475
7,7,0.02631578947368421,304,2.38059401512146
7,7,0.022988505747126436,261,2.418632984161377
7,7,0.0,137,2.35036301612854
7,7,0.0918918918918919,185,2.3431508541107178
7,7,0.035211267605633804,284,2.4494237899780273
7,7,0.011695906432748537,171,2.4563379287719727
7,7,0.012578616352201259,159,2.3945751190185547
8,8,0.012738853503184714,157,2.397845983505249
8,8,0.05555555555555555,108,2.388000011444092
8,8,0.03076923076923077,195,2.4249191284179688
8,8,0.018292682926829267,164,2.3955600261688232
8,8,0.011428571428571429,175,2.458609104156494
8,8,0.0472972972972973,148,2.3270299434661865
8,8,0.036734693877551024,245,2.4046969413757324
8,8,0.05202312138728324,173,2.406190872192383
8,8,0.04597701149425287,174,2.355264902114868
8,8,0.0228310502283105,219,2.5305840969085693
8,8,0.01935483870967742,155,2.349368095397949
8,8,0.024844720496894408,161,2.391273021697998
8,8,0.05699481865284974,193,2.4353649616241455
8,8,0.0,185,2.3572521209716797
8,8,0.043478260869565216,138,2.415231227874756
8,8,0.01935483870967742,155,2.3884270191192627
8,8,0.034782608695652174,230,2.4133009910583496
8,8,0.0335195530726257,179,2.3926641941070557
8,8,0.04516129032258064,155,2.3356099128723145
8,8,0.022123893805309734,226,2.4109079837799072
8,8,0.03734439834024896,241,2.4746761322021484
8,8,0.010309278350515464,194,2.397012948989868
8,8,0.015037593984962405,133,2.43510103225708
8,8,0.00966183574879227,207,2.42399001121521
8,8,0.1276595744680851,141,2.323512077331543
8,8,0.0625,160,2.381247043609619
8,8,0.024390243902439025,164,2.3646340370178223
8,8,0.013333333333333334,150,2.3822739124298096
8,8,0.044585987261146494,157,2.4047350883483887
8,8,0.02027027027027027,148,2.401371955871582
8,8,0.006535947712418301,153,2.4716920852661133
8,8,0.017857142857142856,224,2.411921977996826
8,8,0.017142857142857144,175,2.4352660179138184
8,8,0.022727272727272728,132,2.4305942058563232
8,8,0.042328042328042326,189,2.457875967025757
8,8,0.013574660633484163,221,2.48274302482605
8,8,0.047337278106508875,169,2.3206961154937744
8,8,0.024793388429752067,121,2.4623451232910156
8,8,0.05309734513274336,113,2.3928959369659424
8,8,0.07228915662650602,166,2.304244041442871
8,8,0.011764705882352941,170,2.4321320056915283
8,8,0.04697986577181208,149,2.424962043762207
8,8,0.013636363636363636,220,2.3421289920806885
8,8,0.06349206349206349,126,2.374356985092163
8,8,0.0,162,2.385235071182251
8,8,0.045454545454545456,154,2.400620937347412
8,8,0.05527638190954774,199,2.4480650424957275
8,8,0.0,147,2.4156789779663086
8,8,0.04830917874396135,207,2.406101942062378
8,8,0.04918032786885246,183,2.421454906463623
8,8,0.03529411764705882,170,2.517958879470825
8,8,0.03680981595092025,163,2.3521361351013184
8,8,0.012345679012345678,162,2.4173099994659424
8,8,0.016129032258064516,186,2.4220290184020996
8,8,0.05641025641025641,195,2.3831441402435303
8,8,0.030927835051546393,194,2.4271609783172607
8,8,0.011764705882352941,255,2.41436505317688
8,8,0.03896103896103896,154,2.4076759815216064
8,8,0.02030456852791878,197,2.402956008911133
8,8,0.05232558139534884,172,2.3373970985412598
8,8,0.0,133,2.340472936630249
8,8,0.02717391304347826,184,2.474555015563965
8,8,0.06040268456375839,149,2.3930089473724365
8,8,0.10576923076923077,104,2.3503150939941406
8,8,0.06493506493506493,154,2.383848190307617
8,8,0.037037037037037035,243,2.4604108333587646
8,8,0.025,160,2.4438469409942627
8,8,0.03550295857988166,169,2.4455089569091797
8,8,0.043010752688172046,186,2.3702971935272217
8,8,0.02247191011235955,178,2.3648319244384766
8,8,0.01567398119122257,319,2.5883359909057617
8,8,0.024390243902439025,123,2.4383089542388916
8,8,0.041379310344827586,145,2.37520694732666
8,8,0.052980132450331126,151,2.410291910171509
8,8,0.031578947368421054,95,2.38253116607666
8,8,0.004694835680751174,213,2.3780341148376465
8,8,0.04807692307692308,208,2.403456926345825
8,8,0.043478260869565216,138,2.343967914581299
8,8,0.07692307692307693,156,2.328494071960449
8,8,0.022058823529411766,136,2.37141489982605
8,8,0.011363636363636364,176,2.3884007930755615
8,8,0.006060606060606061,165,2.3886539936065674
8,8,0.014925373134328358,201,2.373732089996338
8,8,0.0,159,2.374091148376465
8,8,0.06015037593984962,133,2.381537914276123
8,8,0.05855855855855856,222,2.5213329792022705
8,8,0.03125,224,2.466845989227295
8,8,0.04,200,2.424570083618164
8,8,0.019417475728155338,206,2.4665048122406006
8,8,0.046875,192,2.4355878829956055
8,8,0.037037037037037035,135,2.3882901668548584
8,8,0.08609271523178808,151,2.541936159133911
8,8,0.025157232704402517,159,2.4975249767303467
8,8,0.06358381502890173,173,2.3730010986328125
8,8,0.022099447513812154,181,2.3617618083953857
8,8,0.0502092050209205,239,2.5226621627807617
8,8,0.028901734104046242,173,2.424191951751709
8,8,0.17518248175182483,137,2.455083131790161
8,8,0.028089887640449437,178,2.361454963684082
8,8,0.004694835680751174,213,2.4609298706054688
8,8,0.011695906432748537,171,2.4168999195098877
8,8,0.04230769230769231,260,2.4444658756256104
8,8,0.024691358024691357,81,2.411545991897583
8,8,0.072992700729927,137,2.333760976791382
8,8,0.015384615384615385,260,2.372102975845337
8,8,0.02358490566037736,212,2.436666965484619
8,8,0.0,113,2.4124999046325684
8,8,0.06875,160,2.4784979820251465
8,8,0.04090909090909091,220,2.474269151687622
8,8,0.006896551724137931,145,2.4404959678649902
8,8,0.013513513513513514,148,2.4230079650878906
9,9,0.007462686567164179,134,2.316426992416382
9,9,0.07339449541284404,109,2.428272008895874
9,9,0.03428571428571429,175,2.4061498641967773
9,9,0.025806451612903226,155,2.3490748405456543
9,9,0.012578616352201259,159,2.3848650455474854
9,9,0.024193548387096774,124,2.373961925506592
9,9,0.02577319587628866,194,2.4354748725891113
9,9,0.026143790849673203,153,2.4234988689422607
9,9,0.05442176870748299,147,2.4412569999694824
9,9,0.011235955056179775,178,2.4026072025299072
9,9,0.044444444444444446,135,2.3344509601593018
9,9,0.011627906976744186,172,2.3551199436187744
9,9,0.0658682634730539,167,2.370945930480957
9,9,0.0,158,2.2940518856048584
9,9,0.046153846153846156,130,2.434140920639038
9,9,0.0189873417721519,158,2.4057791233062744
9,9,0.02926829268292683,205,2.392760992050171
9,9,0.02666666666666667,150,2.3591408729553223
9,9,0.03333333333333333,120,2.3457250595092773
9,9,0.032432432432432434,185,2.4048240184783936
9,9,0.03571428571428571,196,2.445319175720215
9,9,0.010582010582010581,189,2.3958089351654053
9,9,0.01694915254237288,118,2.4509880542755127
9,9,0.005714285714285714,175,2.398326873779297
9,9,0.11627906976744186,129,2.348111867904663
9,9,0.04424778761061947,113,2.33240008354187
9,9,0.03787878787878788,132,2.39382004737854
9,9,0.015151515151515152,132,2.3478779792785645
9,9,0.02702702702702703,148,2.2969961166381836
9,9,0.014084507042253521,142,2.3394079208374023
9,9,0.015503875968992248,129,2.3732731342315674
9,9,0.01932367149758454,207,2.5646190643310547
9,9,0.0189873417721519,158,2.3149821758270264
9,9,0.02459016393442623,122,2.334756851196289
9,9,0.059880239520958084,167,2.380246877670288
9,9,0.015151515151515152,198,2.36680006980896
9,9,0.031446540880503145,159,2.452787160873413
9,9,0.024,125,2.4010770320892334
9,9,0.009900990099009901,101,2.3459410667419434
9,9,0.06716417910447761,134,2.3105289936065674
9,9,0.033112582781456956,151,2.341322898864746
9,9,0.015503875968992248,129,2.382988929748535
9,9,0.024509803921568627,204,2.401540994644165
9,9,0.06504065040650407,123,2.4458200931549072
9,9,0.0,128,2.3624649047851562
9,9,0.05555555555555555,126,2.4260048866271973
9,9,0.04519774011299435,177,2.41984486579895
9,9,0.0,133,2.300870895385742
9,9,0.039735099337748346,151,2.3406898975372314
9,9,0.061068702290076333,131,2.3013410568237305
9,9,0.03680981595092025,163,2.4387028217315674
9,9,0.04310344827586207,116,2.2760169506073
9,9,0.00684931506849315,146,2.404366970062256
9,9,0.013888888888888888,144,2.4249541759490967
9,9,0.05228758169934641,153,2.458590030670166
9,9,0.041666666666666664,168,2.4513797760009766
9,9,0.018867924528301886,212,2.4165680408477783
9,9,0.05511811023622047,127,2.3620729446411133
9,9,0.023121387283236993,173,2.4201509952545166
9,9,0.027777777777777776,144,2.335239887237549
9,9,0.0,111,2.364744186401367
9,9,0.013422818791946308,149,2.4402260780334473
9,9,0.08461538461538462,130,2.305925130844116
9,9,0.11224489795918367,98,2.314840793609619
9,9,0.0859375,128,2.4195239543914795
9,9,0.038834951456310676,206,2.4294519424438477
9,9,0.08053691275167785,149,2.4362599849700928
9,9,0.06015037593984962,133,2.386596918106079
9,9,0.03680981595092025,163,2.474246025085449
9,9,0.031055900621118012,161,2.378514051437378
9,9,0.0035211267605633804,284,2.436692953109741
9,9,0.009174311926605505,109,2.3717310428619385
9,9,0.046511627906976744,129,2.3800230026245117
9,9,0.031496062992125984,127,2.3425889015197754
9,9,0.03571428571428571,84,2.366173028945923
9,9,0.005050505050505051,198,2.3717799186706543
9,9,0.011904761904761904,168,2.4573490619659424
9,9,0.02727272727272727,110,2.4877429008483887
9,9,0.08955223880597014,134,2.405911922454834
9,9,0.023809523809523808,126,2.433210849761963
9,9,0.006289308176100629,159,2.4039649963378906
9,9,0.00819672131147541,122,2.446974039077759
9,9,0.023529411764705882,170,2.365224838256836
9,9,0.0,156,2.4101979732513428
9,9,0.05217391304347826,115,2.344122886657715
9,9,0.04371584699453552,183,2.4203848838806152
9,9,0.01818181818181818,165,2.3836829662323
9,9,0.04666666666666667,150,2.422974109649658
9,9,0.01639344262295082,183,2.339040994644165
9,9,0.03550295857988166,169,2.4186818599700928
9,9,0.008264462809917356,121,2.3758840560913086
9,9,0.11904761904761904,126,2.3179521560668945
9,9,0.007246376811594203,138,2.3234920501708984
9,9,0.06,150,2.3016650676727295
9,9,0.02185792349726776,183,2.3909308910369873
9,9,0.043478260869565216,161,2.3681929111480713
9,9,0.043478260869565216,138,2.3538949489593506
9,9,0.12745098039215685,102,2.3629209995269775
9,9,0.02666666666666667,150,2.4016599655151367
9,9,0.005813953488372093,172,2.433022975921631
9,9,0.007042253521126761,142,2.3614790439605713
9,9,0.023923444976076555,209,2.418004035949707
9,9,0.0,63,2.3868608474731445
9,9,0.05982905982905983,117,2.3394880294799805
9,9,0.017391304347826087,230,2.383671998977661
9,9,0.030120481927710843,166,2.3817389011383057
9,9,0.0,102,2.4018890857696533
9,9,0.06060606060606061,132,2.4022600650787354
9,9,0.057803468208092484,173,2.4922969341278076
9,9,0.007462686567164179,134,2.4070098400115967
9,9,0.015625,128,2.3621628284454346
10,10,0.0,100,2.370441198348999
10,10,0.05263157894736842,95,2.3906829357147217
10,10,0.0070921985815602835,141,2.3939828872680664
10,10,0.015503875968992248,129,2.3704440593719482
10,10,0.020833333333333332,144,2.3969359397888184
10,10,0.028037383177570093,107,2.348073959350586
10,10,0.024539877300613498,163,2.385842800140381
10,10,0.034722222222222224,144,2.3867909908294678
10,10,0.045112781954887216,133,2.388361930847168
10,10,0.012048192771084338,166,2.4155008792877197
10,10,0.01818181818181818,110,2.3328630924224854
10,10,0.02040816326530612,147,2.359745979309082
10,10,0.03076923076923077,130,2.404428005218506
10,10,0.006711409395973154,149,2.3471128940582275
10,10,0.028037383177570093,107,2.4102001190185547
10,10,0.014084507042253521,142,2.419235944747925
10,10,0.041176470588235294,170,2.494019031524658
10,10,0.034722222222222224,144,2.418236017227173
10,10,0.043478260869565216,115,2.381078004837036
10,10,0.04142011834319527,169,2.456449031829834
10,10,0.05357142857142857,168,2.429227828979492
10,10,0.012903225806451613,155,2.4399662017822266
10,10,0.0196078431372549,102,2.4373791217803955
10,10,0.006666666666666667,150,2.4088780879974365
10,10,0.13157894736842105,114,2.367258071899414
10,10,0.05263157894736842,95,2.2657999992370605
10,10,0.04132231404958678,121,2.315047025680542
10,10,0.017241379310344827,116,2.325464963912964
10,10,0.015384615384615385,130,2.443302869796753
10,10,0.015873015873015872,126,2.3603739738464355
10,10,0.008130081300813009,123,2.345244884490967
10,10,0.016574585635359115,181,2.4135260581970215
10,10,0.024844720496894408,161,2.3478119373321533
10,10,0.0,109,2.420168161392212
10,10,0.0234375,128,2.428736925125122
10,10,0.020134228187919462,149,2.409626007080078
10,10,0.02142857142857143,140,2.425041913986206
10,10,0.016666666666666666,120,2.4571518898010254
10,10,0.022988505747126436,87,2.3519389629364014
10,10,0.027777777777777776,108,2.309451103210449
10,10,0.007462686567164179,134,2.3490729331970215
10,10,0.0425531914893617,94,2.3840930461883545
10,10,0.03314917127071823,181,2.3804638385772705
10,10,0.09243697478991597,119,2.449892997741699
10,10,0.0,115,2.4158871173858643
10,10,0.04716981132075472,106,2.3043301105499268
10,10,0.02531645569620253,158,2.288201093673706
10,10,0.0,122,2.3793258666992188
10,10,0.04285714285714286,140,2.3478260040283203
10,10,0.026785714285714284,112,2.378059148788452
10,10,0.04,150,2.31760311126709
10,10,0.058823529411764705,119,2.3499510288238525
10,10,0.0,119,2.373504161834717
10,10,0.018691588785046728,107,2.403812885284424
10,10,0.06451612903225806,124,2.4191501140594482
10,10,0.04895104895104895,143,2.3677167892456055
10,10,0.023255813953488372,172,2.3669638633728027
10,10,0.038461538461538464,130,2.305511951446533
10,10,0.034722222222222224,144,2.4727840423583984
10,10,0.05303030303030303,132,2.409385919570923
10,10,0.0,111,2.415717124938965
10,10,0.03787878787878788,132,2.3679850101470947
10,10,0.09322033898305085,118,2.4307940006256104
10,10,0.0625,80,2.425567150115967
10,10,0.06422018348623854,109,2.346311092376709
10,10,0.03,200,2.4322140216827393
10,10,0.05185185185185185,135,2.4369771480560303
10,10,0.035398230088495575,113,2.386401891708374
10,10,0.04,150,2.3233699798583984
10,10,0.03875968992248062,129,2.4022538661956787
10,10,0.018779342723004695,213,2.456192970275879
10,10,0.0,92,2.353233814239502
10,10,0.035398230088495575,113,2.348327875137329
10,10,0.03669724770642202,109,2.353882074356079
10,10,0.0379746835443038,79,2.394278049468994
10,10,0.006134969325153374,163,2.3808350563049316
10,10,0.007194244604316547,139,2.385277032852173
10,10,0.05263157894736842,95,2.4051060676574707
10,10,0.09565217391304348,115,2.4741060733795166
10,10,0.027522935779816515,109,2.352400064468384
10,10,0.015151515151515152,132,2.3517510890960693
10,10,0.009615384615384616,104,2.3990261554718018
10,10,0.02666666666666667,150,2.392106056213379
10,10,0.0,147,2.3555681705474854
10,10,0.05813953488372093,86,2.309420108795166
10,10,0.030120481927710843,166,2.33563494682312
10,10,0.013513513513513514,148,2.409404993057251
10,10,0.049586776859504134,121,2.451453924179077
10,10,0.006756756756756757,148,2.346318006515503
10,10,0.0273972602739726,146,2.34848690032959
10,10,0.009615384615384616,104,2.3853938579559326
10,10,0.1,110,2.3954858779907227
10,10,0.014814814814814815,135,2.3736770153045654
10,10,0.043795620437956206,137,2.3502719402313232
10,10,0.044585987261146494,157,2.3978779315948486
10,10,0.034482758620689655,145,2.368147134780884
10,10,0.05217391304347826,115,2.379323959350586
10,10,0.10891089108910891,101,2.298856019973755
10,10,0.0078125,128,2.3994178771972656
10,10,0.007407407407407408,135,2.4380741119384766
10,10,0.008264462809917356,121,2.3345208168029785
10,10,0.03482587064676617,201,2.523538827896118
10,10,0.0,63,2.3948099613189697
10,10,0.06956521739130435,115,2.4073970317840576
10,10,0.021505376344086023,186,2.3591110706329346
10,10,0.025,160,2.3361639976501465
10,10,0.0,93,2.347182035446167
10,10,0.0423728813559322,118,2.331212043762207
10,10,0.05952380952380952,168,2.38401198387146
10,10,0.0,110,2.3936800956726074
10,10,0.018018018018018018,111,2.3989760875701904
11,11,0.01098901098901099,91,2.371803045272827
11,11,0.08333333333333333,84,2.4150240421295166
11,11,0.015384615384615385,130,2.4851181507110596
11,11,0.009259259259259259,108,2.3310461044311523
11,11,0.02586206896551724,116,2.417340040206909
11,11,0.03773584905660377,106,2.3622260093688965
11,11,0.015625,128,2.377347946166992
11,11,0.030534351145038167,131,2.3761839866638184
11,11,0.03508771929824561,114,2.438037872314453
11,11,0.013422818791946308,149,2.4853100776672363
11,11,0.02197802197802198,91,2.2907681465148926
11,11,0.01680672268907563,119,2.382673978805542
11,11,0.016260162601626018,123,2.3987340927124023
11,11,0.008403361344537815,119,2.3405709266662598
11,11,0.02654867256637168,113,2.4068548679351807
11,11,0.008771929824561403,114,2.383091926574707
11,11,0.050955414012738856,157,2.4289679527282715
11,11,0.02727272727272727,110,2.3695950508117676
11,11,0.02830188679245283,106,2.3824610710144043
11,11,0.03225806451612903,155,2.3790090084075928
11,11,0.022388059701492536,134,2.3322670459747314
11,11,0.0072992700729927005,137,2.3914248943328857
11,11,0.011235955056179775,89,2.435314178466797
11,11,0.006944444444444444,144,2.388381004333496
11,11,0.07692307692307693,91,2.4179649353027344
11,11,0.06741573033707865,89,2.3015990257263184
11,11,0.042735042735042736,117,2.4042069911956787
11,11,0.019230769230769232,104,2.3004419803619385
11,11,0.018018018018018018,111,2.359632968902588
11,11,0.008403361344537815,119,2.417505979537964
11,11,0.009009009009009009,111,2.3800089359283447
11,11,0.013513513513513514,148,2.361318826675415
11,11,0.027972027972027972,143,2.4807651042938232
11,11,0.0,96,2.4647719860076904
11,11,0.017094017094017096,117,2.4257168769836426
11,11,0.013333333333333334,150,2.4145870208740234
11,11,0.0,121,2.441107988357544
11,11,0.037383177570093455,107,2.402103900909424
11,11,0.023809523809523808,84,2.2885708808898926
11,11,0.0449438202247191,89,2.389094114303589
11,11,0.008928571428571428,112,2.4143078327178955
11,11,0.022222222222222223,90,2.370706081390381
11,11,0.03048780487804878,164,2.4349701404571533
11,11,0.09375,96,2.383983850479126
11,11,0.0,113,2.426455020904541
11,11,0.0707070707070707,99,2.479851007461548
11,11,0.03333333333333333,150,2.35932993888855
11,11,0.0,94,2.3555588722229004
11,11,0.03937007874015748,127,2.4190468788146973
11,11,0.018518518518518517,108,2.3247909545898438
11,11,0.043478260869565216,138,2.3518941402435303
11,11,0.06086956521739131,115,2.322352170944214
11,11,0.0,106,2.360352039337158
11,11,0.010101010101010102,99,2.3693959712982178
11,11,0.04310344827586207,116,2.356872797012329
11,11,0.025423728813559324,118,2.3331329822540283
11,11,0.014388489208633094,139,2.3668439388275146
11,11,0.05825242718446602,103,2.4725499153137207
11,11,0.03787878787878788,132,2.3790690898895264
11,11,0.0625,112,2.4629709720611572
11,11,0.0,104,2.324692964553833
11,11,0.06140350877192982,114,2.3535819053649902
11,11,0.09433962264150944,106,2.3684921264648438
11,11,0.06349206349206349,63,2.307677984237671
11,11,0.06451612903225806,93,2.3700640201568604
11,11,0.04,150,2.3303771018981934
11,11,0.047058823529411764,85,2.31723690032959
11,11,0.009345794392523364,107,2.328639030456543
11,11,0.034013605442176874,147,2.3505170345306396
11,11,0.03418803418803419,117,2.342012882232666
11,11,0.03225806451612903,186,2.578613042831421
11,11,0.0,86,2.4669528007507324
11,11,0.010526315789473684,95,2.4129700660705566
11,11,0.017543859649122806,114,2.3586058616638184
11,11,0.01639344262295082,61,2.3762221336364746
11,11,0.006329113924050633,158,2.451014995574951
11,11,0.008130081300813009,123,2.420348882675171
11,11,0.05747126436781609,87,2.3673770427703857
11,11,0.07894736842105263,114,2.403207778930664
11,11,0.01,100,2.4010097980499268
11,11,0.018691588785046728,107,2.343761920928955
11,11,0.023809523809523808,84,2.2820329666137695
11,11,0.014925373134328358,134,2.420692205429077
11,11,0.0,127,2.4144771099090576
11,11,0.04225352112676056,71,2.3649067878723145
11,11,0.034482758620689655,145,2.468048095703125
11,11,0.01639344262295082,122,2.3908638954162598
11,11,0.05217391304347826,115,2.4448180198669434
11,11,0.008620689655172414,116,2.4178359508514404
11,11,0.03389830508474576,118,2.455418825149536
11,11,0.01020408163265306,98,2.366694927215576
11,11,0.11864406779661017,118,2.333854913711548
11,11,0.007751937984496124,129,2.389744997024536
11,11,0.058823529411764705,102,2.349437952041626
11,11,0.03875968992248062,129,2.3761351108551025
11,11,0.022222222222222223,135,2.3207738399505615
11,11,0.05454545454545454,110,2.381067991256714
11,11,0.12941176470588237,85,2.4054739475250244
11,11,0.007751937984496124,129,2.447244882583618
11,11,0.008,125,2.4537851810455322
11,11,0.008771929824561403,114,2.3056349754333496
11,11,0.04093567251461988,171,2.4239401817321777
11,11,0.0,63,2.413416862487793
11,11,0.09183673469387756,98,2.284024953842163
11,11,0.011494252873563218,174,2.4176528453826904
11,11,0.013888888888888888,144,2.4395740032196045
11,11,0.011494252873563218,87,2.3058719635009766
11,11,0.05263157894736842,114,2.3437771797180176
11,11,0.023809523809523808,126,2.4247610569000244
11,11,0.0,101,2.330826997756958
11,11,0.02040816326530612,98,2.412632942199707
